7mer,true label,avg_z_score,_ID
DDDWEDI,1,4.11,PLRDIDNFDIDDFDDDDDWEDICII
DDMWEHI,1,3.99,PLRLWQPHSSKQDDMWEHIAISML
DGSWALL,1,3.85,PLRVIEEADLDGDGSWALLTSRT
DLGWDIL,1,3.8,PLRLHNPESGEEAVALLEELQRDLGWDILA
AMEWVII,1,3.67,PLRASTISSNASKGREAMEWVIIN
DDDWEYL,1,3.67,PLRRPSETGSDDDWEYLLNSDYHQNVESHL
RDVWEIL,1,3.58,PLRDVWEILRRHRHLSTSASPSSTASLTCAAC
QEEWTLL,1,3.55,PLRAVNFTQEEWTLLDISQKNLS
SELFEDL,1,3.53,PLREKNVYCQQTLCTSELFEDLTWFLSNDQTLI
LMSWVML,1,3.52,PLRSVSTLLDTNILAPATDLLMSWVML
DEGWETL,1,3.31,PLRVLDGTDAWDSATETKTFLVSQDIQDEGWETLEVSSA
EEIWEEL,1,3.3,PLRMEGGHAPEEEIWEELSVMEVYDGREHSAYGEPRKLL
VDSWEEI,1,3.25,PLRLEFLEELKKINYQVDSWEEI
DEDWGSL,1,3.24,PLRTADRWDDEDWGSLEQEAESVLAQQDDWSTGGQVSRA
SENWEII,1,3.14,PLRSSENWEIIREDEATMYSSQAFPSPPPSSNLDVPTHL
PNSWLIL,1,3.1,PLRGWDAMKGTTTIEKYDLPNSWLILAP
ESDWETL,1,3.03,PLRSRPSPDSSESDWETLDPSVLEDPNLKEREQLGSDQT
EESWLSV,1,3.02,PLRAASWESQRARDTLPQSESHQEESWLSVGPGGEITEL
SEEWEDL,1,3.0,PLRYILNGGSEEWEDLTSAPSAAVTAEKNSVLPGERLVR
LNSFTVL,1,2.91,PLRLLLEPGNSEMQIPVKQNEARTETLNSFTVLETVIE
EEEWTLL,1,2.91,PLRNEPWEEEWTLLGKEELSGSLLQSVQEALEERSLTIR
SHAFIDL,1,2.84,PLRPHSHAFIDLTEDFTADLFLTTLNATTSTFQFEI
EEDWETI,1,2.8,PLRNAEYEYEVTEEDWETIILVFPQRMPND
LQCWMLL,1,2.75,PLRNTLSSGADYPDELQCWMLLC
SLEWDIL,1,2.74,PLRTEGSLEWDILEVKRLLDHQDNILSLINVNI
DDRFETL,1,2.74,PLRPTGEPQQEDDEFLMATDVDDRFETLEPEVSHEETEH
PNTFPTV,1,2.73,PLRSKTMMHILSQPNTFPTVVNSIN
SLNWVYL,1,2.69,PLRELDPALDNVLERTSLNWVYL
DILWEHL,1,2.66,PLRAPDFVGDILWEHLEILQKEDVKPYQVNGVNPAYPES
ISDWGEL,1,2.65,PLRSDNLPVAIKHVEKDRISDWGELLMAPVCRWKWSC
PEAWGLL,1,2.65,PLRGPGEDRETLGLKTSSSLPEAWGLLDDDDGMYGEREA
KGLFAPL,1,2.64,PLRLLSLYDNKLQTISKGLFAPLQSI
GEEWCVI,1,2.63,PLRMAEGDAGSDQRQNEEIEAMAAIYGEEWCVIDDCAKI
DDTFEVL,1,2.6,PLRMNPDDTFEVLVDQTVVNKGSLLEDVVPPIKPPKEIE
TKSWEII,1,2.58,PLRVVEKEELNMIDNFFSEPTTKSWEIITVEEAKRRKST
DEDFLDL,1,2.57,PLRISQGTLTNETRCLTCETISSKDEDFLDLSVDVEQNT
LDSWVHI,1,2.56,PLRTQWQPRNCDPMVDFLDSWVHIIPV
QQSYQHV,1,2.53,PLRLLDTALQTPVSKQDDVVQLELPVTEAQQSYQHV
HSIFMDL,1,2.51,PLRALEDSEQKHNLLHSIFMDLEDLSIIFETDD
EENWTVL,1,2.51,PLRREVKSYLIETLHSLIDNLYPEENWTVLL
SGQWIIL,1,2.48,PLRKDPNVIPNLKLLSDSSGQWIILGTE
TKDFEEL,1,2.48,PLRLEAERSLMSSPEDLTKDFEELKAEEVDVTKDIKPQL
RPLYMNL,1,2.48,PLRPLYMNLQKLLEMVREDARRTVTIENGMQRKAPSLLS
ELAWDML,1,2.47,PLRPNDSVLENKSLQENEEEEIGNLELAWDMLDLAEIMF
LRAFESY,1,2.43,PLRLTDSALRAFESYRARQDSVSLRPSIRFQGSQGHISI
LRLFHHL,1,2.42,PLRLFHHLRIHTGEKPYQCNQCNKSFSRR
EEDFEIL,1,2.41,PLRVPPAKPEVTTTGAEFIDSTEQLEEFDLEEDFEILSV
GTRYQHL,1,2.39,PLRVSSPKPQIIYGARGTRYQHL
PLRFIAI,1,2.33,PLRFIAIKSIDKSNLTSKVSNIAQVYPSSKS
NNAFQAL,1,2.31,PLRMHKLNNAFQALREVIPHVRADKKLSKIETLTPA
