Unnamed: 0,ID,ER 0,ER 1,ER 3,ER 4,ER 5,ER 6,Input Count,1 Count,3 Count,4 Count,5 Count,6 Count,Length,Max Sort,Count sum,Hit,% Identity,Query length,Positions not strictly conserved,Gaps,Query start,Query End,Hit Start,Hit End,E-value,Score (Bits),z_score_4,z_score_5,z_score_6,avg_z_score,regex_matches,num_regex_matches,7mer,motif_start,motif_end,true label,lir_type
11,DIDNFDIDDFDDDDDWEDIMHNLAASKSSTAAYQPI,0,5.401555763,9.671733782,11.4263295,12.07593305,12.37643282,973,22420,228749,124504,31872,32761,36,6,441279,sp|P54132|BLM_HUMAN,100.0,36.0,0.0,0.0,1.0,36.0,552.0,587.0,1.37e-18,75.5,3.284647008,3.603397808,3.97672761,3.62,"('DDDWEDI', 12, 18)",2,DDDWEDI,12,18,1,...[FWY]..[LVI]
11,DIDNFDIDDFDDDDDWEDIMHNLAASKSSTAAYQPI,0,5.401555763,9.671733782,11.4263295,12.07593305,12.37643282,973,22420,228749,124504,31872,32761,36,6,441279,sp|P54132|BLM_HUMAN,100.0,36.0,0.0,0.0,1.0,36.0,552.0,587.0,1.37e-18,75.5,3.284647008,3.603397808,3.97672761,3.62,"('TAAYQPI', 29, 35)",2,TAAYQPI,29,35,1,...[FWY]..[LVI]
19,GMKYIETSARDAINVEKAFTDLTRDIYELVKRGENY,0,4.934246789,9.532716126,11.32967046,11.65693696,11.4115615,12,200,2562,1436,294,207,36,6,4711,sp|Q96DA2|RB39B_HUMAN,100.0,34.0,0.0,0.0,1.0,34.0,146.0,179.0,4.51e-17,69.3,3.243419538,3.429234383,3.57255072,3.42,"('EKAFTDL', 15, 21)",2,EKAFTDL,15,21,1,...[FWY]..[LVI]
19,GMKYIETSARDAINVEKAFTDLTRDIYELVKRGENY,0,4.934246789,9.532716126,11.32967046,11.65693696,11.4115615,12,200,2562,1436,294,207,36,6,4711,sp|Q96DA2|RB39B_HUMAN,100.0,34.0,0.0,0.0,1.0,34.0,146.0,179.0,4.51e-17,69.3,3.243419538,3.429234383,3.57255072,3.42,"('RDIYELV', 23, 29)",2,RDIYELV,23,29,1,...[FWY]..[LVI]
23,YLGQLEHEDIDTSADAVEDLTEAEWEDLTQQYYSLV,0,5.857058472,9.44937537,11.14778183,11.56173655,11.27068167,124,3918,24988,13081,2844,1940,36,6,46895,sp|A6PVC2|TTLL8_HUMAN,100.0,36.0,0.0,0.0,1.0,36.0,277.0,312.0,2.88e-20,80.1,3.165839542,3.389662586,3.513537284,3.36,"('EAEWEDL', 21, 27)",2,EAEWEDL,21,27,1,...[FWY]..[LVI]
23,YLGQLEHEDIDTSADAVEDLTEAEWEDLTQQYYSLV,0,5.857058472,9.44937537,11.14778183,11.56173655,11.27068167,124,3918,24988,13081,2844,1940,36,6,46895,sp|A6PVC2|TTLL8_HUMAN,100.0,36.0,0.0,0.0,1.0,36.0,277.0,312.0,2.88e-20,80.1,3.165839542,3.389662586,3.513537284,3.36,"('TQQYYSL', 28, 34)",2,TQQYYSL,28,34,1,...[FWY]..[LVI]
27,VNVVSVDTARTLFNQVMEKEFEDGIINWVVL,0,6.530704928,9.751145229,11.218607,11.21748556,10.98860348,15,756,3726,1662,271,193,31,6,6623,sp|Q16548|B2LA1_HUMAN,100.0,28.0,0.0,0.0,1.0,28.0,59.0,86.0,1.15e-13,59.7,3.196048226,3.246568335,3.395376986,3.28,"('RTLFNQV', 9, 15)",2,RTLFNQV,9,15,1,...[FWY]..[LVI]
27,VNVVSVDTARTLFNQVMEKEFEDGIINWVVL,0,6.530704928,9.751145229,11.218607,11.21748556,10.98860348,15,756,3726,1662,271,193,31,6,6623,sp|Q16548|B2LA1_HUMAN,100.0,28.0,0.0,0.0,1.0,28.0,59.0,86.0,1.15e-13,59.7,3.196048226,3.246568335,3.395376986,3.28,"('IINWVVL', 24, 30)",2,IINWVVL,24,30,1,...[FWY]..[LVI]
30,LDGTAVENIETFQTEDHTFDEYTEELDCWVVWE,0,5.473139641,9.478453971,10.95035488,11.21786577,11.1419408,42,1017,8636,3864,759,601,33,6,14919,sp|Q6ZR08|DYH12_HUMAN,100.0,24.0,0.0,0.0,1.0,24.0,422.0,445.0,7.58e-11,53.1,3.081632069,3.246726375,3.459608763,3.26,"('DHTFDEY', 15, 21)",2,DHTFDEY,15,21,1,...[FWY]..[WFY]
33,PLEQVADDSLYEFLDFVDATDRYRSL,0,5.602184317,9.278761997,10.77445858,11.30526152,11.10212435,25,662,4476,2036,480,348,26,6,8027,sp|Q8IWD5|MFS6L_HUMAN,100.0,26.0,0.0,0.0,1.0,26.0,262.0,287.0,3.39e-13,59.7,3.006607949,3.283054026,3.442929969,3.24,"('DSLYEFL', 7, 13)",2,DSLYEFL,7,13,1,...[FWY]..[LVI]
33,PLEQVADDSLYEFLDFVDATDRYRSL,0,5.602184317,9.278761997,10.77445858,11.30526152,11.10212435,25,662,4476,2036,480,348,26,6,8027,sp|Q8IWD5|MFS6L_HUMAN,100.0,26.0,0.0,0.0,1.0,26.0,262.0,287.0,3.39e-13,59.7,3.006607949,3.283054026,3.442929969,3.24,"('TDRYRSL', 19, 25)",2,TDRYRSL,19,25,1,...[FWY]..[LVI]
38,MEDLEETLFEEFETIPMTWTLLSGV,0,5.98936936,9.778517531,10.97733721,10.74266683,10.61735195,19,658,4810,1781,247,189,25,6,7704,sp|P78509|RELN_HUMAN,45.833,24.0,13.0,0.0,2.0,25.0,414.0,437.0,0.054,27.7,3.0931407,3.049201207,3.239862685,3.13,"('ETLFEEF', 5, 11)",2,ETLFEEF,5,11,1,...[FWY]..[WFY]
38,MEDLEETLFEEFETIPMTWTLLSGV,0,5.98936936,9.778517531,10.97733721,10.74266683,10.61735195,19,658,4810,1781,247,189,25,6,7704,sp|P78509|RELN_HUMAN,45.833,24.0,13.0,0.0,2.0,25.0,414.0,437.0,0.054,27.7,3.0931407,3.049201207,3.239862685,3.13,"('PMTWTLL', 15, 21)",2,PMTWTLL,15,21,1,...[FWY]..[LVI]
50,ETEYSLLHMPSTDPRHARSPEDEYELLMPHRISSHF,0,6.061167834,9.218694074,10.3997258,10.57925514,10.02292912,153,5569,26276,9610,1776,1008,36,6,44392,sp|Q8N6F7|GCSAM_HUMAN,100.0,36.0,0.0,0.0,1.0,36.0,125.0,160.0,4.39e-20,76.6,2.846775154,2.981276133,2.99086371,2.94,"('ETEYSLL', 0, 6)",2,ETEYSLL,0,6,1,...[FWY]..[LVI]
50,ETEYSLLHMPSTDPRHARSPEDEYELLMPHRISSHF,0,6.061167834,9.218694074,10.3997258,10.57925514,10.02292912,153,5569,26276,9610,1776,1008,36,6,44392,sp|Q8N6F7|GCSAM_HUMAN,100.0,36.0,0.0,0.0,1.0,36.0,125.0,160.0,4.39e-20,76.6,2.846775154,2.981276133,2.99086371,2.94,"('EDEYELL', 20, 26)",2,EDEYELL,20,26,1,...[FWY]..[LVI]
54,EDLTWLEWEELKIPLHGRPIYPNVNVKL,0,5.763134873,8.904110899,10.09175475,10.259866,9.98288749,76,2250,10495,3856,707,487,28,6,17871,sp|Q0P641|CB080_HUMAN,100.0,23.0,0.0,0.0,1.0,23.0,59.0,81.0,3.63e-12,55.8,2.715417888,2.848516172,2.97409059,2.85,"('DLTWLEW', 1, 7)",2,DLTWLEW,1,7,1,...[FWY]..[WFY]
54,EDLTWLEWEELKIPLHGRPIYPNVNVKL,0,5.763134873,8.904110899,10.09175475,10.259866,9.98288749,76,2250,10495,3856,707,487,28,6,17871,sp|Q0P641|CB080_HUMAN,100.0,23.0,0.0,0.0,1.0,23.0,59.0,81.0,3.63e-12,55.8,2.715417888,2.848516172,2.97409059,2.85,"('RPIYPNV', 17, 23)",2,RPIYPNV,17,23,1,...[FWY]..[LVI]
58,IYNTPSASYLEVTPDSENDFGNYTVLQ,0,5.237589183,8.257330617,9.834296751,10.26461953,10.07562655,90,1851,7938,3820,840,615,27,6,15154,sp|P13591|NCAM1_HUMAN,100.0,23.0,0.0,0.0,1.0,23.0,465.0,487.0,1.94e-10,51.6,2.605605689,2.850492064,3.01293824,2.82,"('SASYLEV', 5, 11)",2,SASYLEV,5,11,1,...[FWY]..[LVI]
58,IYNTPSASYLEVTPDSENDFGNYTVLQ,0,5.237589183,8.257330617,9.834296751,10.26461953,10.07562655,90,1851,7938,3820,840,615,27,6,15154,sp|P13591|NCAM1_HUMAN,100.0,23.0,0.0,0.0,1.0,23.0,465.0,487.0,1.94e-10,51.6,2.605605689,2.850492064,3.01293824,2.82,"('ENDFGNY', 16, 22)",2,ENDFGNY,16,22,1,...[FWY]..[WFY]
59,ESSTEWDLDSFSELDSESGSSSSFSDDEVWVQVAPQ,0,6.625374847,9.298088253,10.10178763,10.39015042,9.487461612,11,592,1996,562,112,50,36,6,3323,sp|Q8WVZ9|KBTB7_HUMAN,97.222,36.0,1.0,0.0,1.0,36.0,639.0,674.0,9.8e-17,70.1,2.719697159,2.902671282,2.766560648,2.8,"('LDSFSEL', 7, 13)",2,LDSFSEL,7,13,1,...[FWY]..[LVI]
59,ESSTEWDLDSFSELDSESGSSSSFSDDEVWVQVAPQ,0,6.625374847,9.298088253,10.10178763,10.39015042,9.487461612,11,592,1996,562,112,50,36,6,3323,sp|Q8WVZ9|KBTB7_HUMAN,97.222,36.0,1.0,0.0,1.0,36.0,639.0,674.0,9.8e-17,70.1,2.719697159,2.902671282,2.766560648,2.8,"('DEVWVQV', 26, 32)",2,DEVWVQV,26,32,1,...[FWY]..[LVI]
61,EDPSDDEWEELSSSDESDAFMENSFSECGGQLFSPL,0,5.885663369,9.015695888,10.15225697,10.10725693,9.760316989,122,3932,18202,6455,1021,670,36,6,30402,sp|Q7Z4Q2|HEAT3_HUMAN,100.0,36.0,0.0,0.0,1.0,36.0,377.0,412.0,6.99e-19,76.3,2.741223581,2.785081405,2.880857585,2.8,"('DDEWEEL', 4, 10)",2,DDEWEEL,4,10,1,...[FWY]..[LVI]
61,EDPSDDEWEELSSSDESDAFMENSFSECGGQLFSPL,0,5.885663369,9.015695888,10.15225697,10.10725693,9.760316989,122,3932,18202,6455,1021,670,36,6,30402,sp|Q7Z4Q2|HEAT3_HUMAN,100.0,36.0,0.0,0.0,1.0,36.0,377.0,412.0,6.99e-19,76.3,2.741223581,2.785081405,2.880857585,2.8,"('GQLFSPL', 29, 35)",2,GQLFSPL,29,35,1,...[FWY]..[LVI]
66,LTNSTIEYEHLESEVSALHDDLWEQLNLDTQNEVLN,0,5.898486065,8.528048339,9.937591189,10.04843226,9.624965136,116,3772,12343,5289,932,580,36,6,23032,sp|Q9Y2H5|PKHA6_HUMAN,100.0,36.0,0.0,0.0,1.0,36.0,610.0,645.0,4.86e-20,79.7,2.64966332,2.760629853,2.824159775,2.74,"('TIEYEHL', 4, 10)",2,TIEYEHL,4,10,1,...[FWY]..[LVI]
66,LTNSTIEYEHLESEVSALHDDLWEQLNLDTQNEVLN,0,5.898486065,8.528048339,9.937591189,10.04843226,9.624965136,116,3772,12343,5289,932,580,36,6,23032,sp|Q9Y2H5|PKHA6_HUMAN,100.0,36.0,0.0,0.0,1.0,36.0,610.0,645.0,4.86e-20,79.7,2.64966332,2.760629853,2.824159775,2.74,"('DDLWEQL', 19, 25)",2,DDLWEQL,19,25,1,...[FWY]..[LVI]
72,TEEQLKEKFPEADPYEIIESFNVVAKEVFVVLF,0,5.688267547,9.27495013,10.11442869,9.745663083,9.45990589,37,1040,6607,1907,241,165,33,6,9997,sp|Q8TCS8|PNPT1_HUMAN,100.0,29.0,0.0,0.0,1.0,29.0,320.0,348.0,5.99e-14,62.0,2.725088884,2.63477828,2.755017776,2.7,"('ADPYEII', 11, 17)",2,ADPYEII,11,17,1,...[FWY]..[LVI]
72,TEEQLKEKFPEADPYEIIESFNVVAKEVFVVLF,0,5.688267547,9.27495013,10.11442869,9.745663083,9.45990589,37,1040,6607,1907,241,165,33,6,9997,sp|Q8TCS8|PNPT1_HUMAN,100.0,29.0,0.0,0.0,1.0,29.0,320.0,348.0,5.99e-14,62.0,2.725088884,2.63477828,2.755017776,2.7,"('KEVFVVL', 25, 31)",2,KEVFVVL,25,31,1,...[FWY]..[LVI]
74,MMFQDSVAFEDVAVSFTQEEWALLDFPEESLP,0,5.466314341,8.307166821,9.825964018,9.949117708,9.472962043,10,241,913,422,75,45,32,6,1706,sp|P17024|ZNF20_HUMAN,83.871,31.0,5.0,0.0,1.0,31.0,1.0,31.0,1.19e-12,58.5,2.602051572,2.719347933,2.760486894,2.69,"('SVAFEDV', 5, 11)",2,SVAFEDV,5,11,1,...[FWY]..[LVI]
74,MMFQDSVAFEDVAVSFTQEEWALLDFPEESLP,0,5.466314341,8.307166821,9.825964018,9.949117708,9.472962043,10,241,913,422,75,45,32,6,1706,sp|P17024|ZNF20_HUMAN,83.871,31.0,5.0,0.0,1.0,31.0,1.0,31.0,1.19e-12,58.5,2.602051572,2.719347933,2.760486894,2.69,"('QEEWALL', 17, 23)",2,QEEWALL,17,23,1,...[FWY]..[LVI]
82,LLASKAHYFGVGGGVHSFRSL,0,5.2059115,8.483363734,9.406818224,9.485833764,9.84900541,25,503,2579,789,136,146,21,6,4178,sp|O95568|MET18_HUMAN,80.952,21.0,4.0,0.0,1.0,21.0,320.0,340.0,1.08e-06,40.8,2.423275531,2.52677545,2.918008457,2.62,"('KAHYFGV', 4, 10)",2,KAHYFGV,4,10,1,...[FWY]..[LVI]
82,LLASKAHYFGVGGGVHSFRSL,0,5.2059115,8.483363734,9.406818224,9.485833764,9.84900541,25,503,2579,789,136,146,21,6,4178,sp|O95568|MET18_HUMAN,80.952,21.0,4.0,0.0,1.0,21.0,320.0,340.0,1.08e-06,40.8,2.423275531,2.52677545,2.918008457,2.62,"('VHSFRSL', 14, 20)",2,VHSFRSL,14,20,1,...[FWY]..[LVI]
85,ESEDEESYDTESEFTEFTEDNWPYDDWCLVASV,0,5.563253622,8.718842546,9.667107253,9.697578941,9.312025825,40,1031,4858,1512,252,161,33,6,7854,sp|P25963|IKBA_HUMAN,92.308,26.0,2.0,0.0,1.0,26.0,282.0,307.0,3.94e-10,51.2,2.534295236,2.614791223,2.693071997,2.61,"('ESEFTEF', 10, 16)",2,ESEFTEF,10,16,1,...[FWY]..[WFY]
85,ESEDEESYDTESEFTEFTEDNWPYDDWCLVASV,0,5.563253622,8.718842546,9.667107253,9.697578941,9.312025825,40,1031,4858,1512,252,161,33,6,7854,sp|P25963|IKBA_HUMAN,92.308,26.0,2.0,0.0,1.0,26.0,282.0,307.0,3.94e-10,51.2,2.534295236,2.614791223,2.693071997,2.61,"('NWPYDDW', 20, 26)",2,NWPYDDW,20,26,1,...[FWY]..[WFY]
86,QTLDWEIVELTNKLLDARTPSTSWRSLASGTRGIA,0,7.035224437,8.195503302,9.745109765,9.828823475,9.068571788,10,715,845,399,69,34,35,6,2072,sp|Q5JTD0|TJAP1_HUMAN,84.211,19.0,3.0,0.0,1.0,19.0,138.0,156.0,2.08e-05,38.1,2.567565235,2.669345425,2.591091046,2.61,"('TLDWEIV', 1, 7)",2,TLDWEIV,1,7,1,...[FWY]..[LVI]
86,QTLDWEIVELTNKLLDARTPSTSWRSLASGTRGIA,0,7.035224437,8.195503302,9.745109765,9.828823475,9.068571788,10,715,845,399,69,34,35,6,2072,sp|Q5JTD0|TJAP1_HUMAN,84.211,19.0,3.0,0.0,1.0,19.0,138.0,156.0,2.08e-05,38.1,2.567565235,2.669345425,2.591091046,2.61,"('STSWRSL', 20, 26)",2,STSWRSL,20,26,1,...[FWY]..[LVI]
92,SPEDEYELLIPHRISSHFLQQPRPLMAPSETQFSHL,0,5.442319171,8.519729525,9.479473241,9.79224886,9.002559306,121,2868,12801,4016,814,393,36,6,21013,sp|Q8N6F7|GCSAM_HUMAN,97.222,36.0,1.0,0.0,1.0,36.0,143.0,178.0,2.59e-19,74.7,2.454264691,2.654142514,2.563438945,2.56,"('ETQFSHL', 29, 35)",2,ETQFSHL,29,35,1,...[FWY]..[LVI]
95,NINIGPGDCEWFVVPEDYWVF,0,6.491166625,8.396208968,9.482617624,9.537282641,9.165984289,80,3923,7769,2661,451,291,21,6,15175,sp|O14607|UTY_HUMAN,100.0,19.0,0.0,0.0,1.0,19.0,1103.0,1121.0,3.5e-11,53.5,2.455605849,2.548161121,2.631896365,2.55,"('DCEWFVV', 7, 13)",2,DCEWFVV,7,13,1,...[FWY]..[LVI]
95,NINIGPGDCEWFVVPEDYWVF,0,6.491166625,8.396208968,9.482617624,9.537282641,9.165984289,80,3923,7769,2661,451,291,21,6,15175,sp|O14607|UTY_HUMAN,100.0,19.0,0.0,0.0,1.0,19.0,1103.0,1121.0,3.5e-11,53.5,2.455605849,2.548161121,2.631896365,2.55,"('PEDYWVF', 14, 20)",2,PEDYWVF,14,20,1,...[FWY]..[WFY]
109,MDFSQEEWELLVPAQKNLYREVMLENYRNVVSLEAL,0,5.869077774,8.48384536,9.613319893,9.16692286,8.687700892,36,1147,3715,1311,157,94,36,6,6460,sp|Q86TJ5|ZN554_HUMAN,97.222,36.0,1.0,0.0,1.0,36.0,52.0,87.0,3.43e-19,77.0,2.511353597,2.394214273,2.43154727,2.45,"('QEEWELL', 4, 10)",3,QEEWELL,4,10,1,...[FWY]..[LVI]
109,MDFSQEEWELLVPAQKNLYREVMLENYRNVVSLEAL,0,5.869077774,8.48384536,9.613319893,9.16692286,8.687700892,36,1147,3715,1311,157,94,36,6,6460,sp|Q86TJ5|ZN554_HUMAN,97.222,36.0,1.0,0.0,1.0,36.0,52.0,87.0,3.43e-19,77.0,2.511353597,2.394214273,2.43154727,2.45,"('KNLYREV', 15, 21)",3,KNLYREV,15,21,1,...[FWY]..[LVI]
109,MDFSQEEWELLVPAQKNLYREVMLENYRNVVSLEAL,0,5.869077774,8.48384536,9.613319893,9.16692286,8.687700892,36,1147,3715,1311,157,94,36,6,6460,sp|Q86TJ5|ZN554_HUMAN,97.222,36.0,1.0,0.0,1.0,36.0,52.0,87.0,3.43e-19,77.0,2.511353597,2.394214273,2.43154727,2.45,"('LENYRNV', 23, 29)",3,LENYRNV,23,29,1,...[FWY]..[LVI]
117,SVATEESADPLSEDDFETFYEIWEKFDPDATQFIE,0,6.099725885,8.416112243,9.101392637,9.341787395,8.73188034,13,486,1280,332,64,35,35,6,2210,sp|Q9UQD0|SCN8A_HUMAN,100.0,35.0,0.0,0.0,1.0,35.0,1770.0,1804.0,5.74e-18,73.6,2.293003968,2.46689993,2.450053688,2.4,"('EDDFETF', 12, 18)",2,EDDFETF,12,18,1,...[FWY]..[WFY]
117,SVATEESADPLSEDDFETFYEIWEKFDPDATQFIE,0,6.099725885,8.416112243,9.101392637,9.341787395,8.73188034,13,486,1280,332,64,35,35,6,2210,sp|Q9UQD0|SCN8A_HUMAN,100.0,35.0,0.0,0.0,1.0,35.0,1770.0,1804.0,5.74e-18,73.6,2.293003968,2.46689993,2.450053688,2.4,"('YEIWEKF', 19, 25)",2,YEIWEKF,19,25,1,...[FWY]..[WFY]
118,KEELVMSSLKRLNSYLSLPKFRSFRTY,0,5.230195817,8.516248914,9.457672237,9.272524732,8.409952245,13,266,1372,425,61,28,27,6,2165,sp|Q96EU7|C1GLC_HUMAN,52.941,17.0,8.0,0.0,4.0,20.0,189.0,205.0,6.0,22.3,2.444966024,2.438109631,2.315200581,2.4,"('LNSYLSL', 11, 17)",2,LNSYLSL,11,17,1,...[FWY]..[LVI]
118,KEELVMSSLKRLNSYLSLPKFRSFRTY,0,5.230195817,8.516248914,9.457672237,9.272524732,8.409952245,13,266,1372,425,61,28,27,6,2165,sp|Q96EU7|C1GLC_HUMAN,52.941,17.0,8.0,0.0,4.0,20.0,189.0,205.0,6.0,22.3,2.444966024,2.438109631,2.315200581,2.4,"('FRSFRTY', 20, 26)",2,FRSFRTY,20,26,1,...[FWY]..[WFY]
128,INKFVQFIHKYITYNAPAASPSCRSTPTRSI,0,5.81551985,8.792367892,8.937754843,8.627189614,8.887999542,10,307,1278,228,30,30,31,6,1883,sp|Q8N201|INT1_HUMAN,100.0,19.0,0.0,0.0,1.0,19.0,1956.0,1974.0,3.85e-08,45.4,2.223208404,2.169864232,2.515450775,2.3,"('INKFVQF', 0, 6)",2,INKFVQF,0,6,1,...[FWY]..[WFY]
128,INKFVQFIHKYITYNAPAASPSCRSTPTRSI,0,5.81551985,8.792367892,8.937754843,8.627189614,8.887999542,10,307,1278,228,30,30,31,6,1883,sp|Q8N201|INT1_HUMAN,100.0,19.0,0.0,0.0,1.0,19.0,1956.0,1974.0,3.85e-08,45.4,2.223208404,2.169864232,2.515450775,2.3,"('IHKYITY', 7, 13)",2,IHKYITY,7,13,1,...[FWY]..[WFY]
129,TQWIAEYEILHVPKEPKMELYEKKAQLSKYKSLQQ,0,6.087254132,8.69949882,9.32914436,8.861403066,8.264767024,191,7079,22888,5712,674,372,35,6,36916,sp|Q8NF91|SYNE1_HUMAN,94.444,36.0,1.0,1.0,1.0,35.0,3829.0,3864.0,6.87e-16,67.8,2.390145708,2.267219357,2.254383652,2.3,"('IAEYEIL', 3, 9)",2,IAEYEIL,3,9,1,...[FWY]..[LVI]
129,TQWIAEYEILHVPKEPKMELYEKKAQLSKYKSLQQ,0,6.087254132,8.69949882,9.32914436,8.861403066,8.264767024,191,7079,22888,5712,674,372,35,6,36916,sp|Q8NF91|SYNE1_HUMAN,94.444,36.0,1.0,1.0,1.0,35.0,3829.0,3864.0,6.87e-16,67.8,2.390145708,2.267219357,2.254383652,2.3,"('LSKYKSL', 26, 32)",2,LSKYKSL,26,32,1,...[FWY]..[LVI]
134,MATRNPPPQDYESDDDSYEVLDLTEYARRHQWWNRV,0,6.204447519,8.118237053,9.043416474,8.970077327,8.145157381,246,9889,19703,6035,936,441,36,6,37250,sp|Q8IVP5|FUND1_HUMAN,100.0,36.0,0.0,0.0,1.0,36.0,1.0,36.0,2.1599999999999998e-24,87.0,2.268275702,2.31239181,2.204280128,2.26,"('HQWWNRV', 29, 35)",2,HQWWNRV,29,35,1,...[FWY]..[LVI]
139,PALFKSYAEYGHFVHSYCSFGSSC,0,5.870837619,8.000172777,8.999682592,8.420738736,8.566071447,10,319,738,238,26,24,24,6,1355,sp|Q6P1X5|TAF2_HUMAN,100.0,14.0,0.0,0.0,1.0,14.0,871.0,884.0,0.000181,34.7,2.24962212,2.084049132,2.380597667,2.24,"('PALFKSY', 0, 6)",2,PALFKSY,0,6,1,...[FWY]..[WFY]
139,PALFKSYAEYGHFVHSYCSFGSSC,0,5.870837619,8.000172777,8.999682592,8.420738736,8.566071447,10,319,738,238,26,24,24,6,1355,sp|Q6P1X5|TAF2_HUMAN,100.0,14.0,0.0,0.0,1.0,14.0,871.0,884.0,0.000181,34.7,2.24962212,2.084049132,2.380597667,2.24,"('VHSYCSF', 13, 19)",2,VHSYCSF,13,19,1,...[FWY]..[WFY]
180,PEDFWEIIGELGDGAFGKVYKAQNKETSVLAAAKVI,0,5.80974314,8.200335573,8.847165583,8.390681502,7.811648656,97,2966,8224,2077,247,138,36,6,13749,sp|Q9H2G2|SLK_HUMAN,100.0,36.0,0.0,0.0,1.0,36.0,30.0,65.0,1.79e-18,75.1,2.184569845,2.07155529,2.064575986,2.11,"('PEDFWEI', 0, 6)",2,PEDFWEI,0,6,1,...[FWY]..[LVI]
180,PEDFWEIIGELGDGAFGKVYKAQNKETSVLAAAKVI,0,5.80974314,8.200335573,8.847165583,8.390681502,7.811648656,97,2966,8224,2077,247,138,36,6,13749,sp|Q9H2G2|SLK_HUMAN,100.0,36.0,0.0,0.0,1.0,36.0,30.0,65.0,1.79e-18,75.1,2.184569845,2.07155529,2.064575986,2.11,"('DGAFGKV', 12, 18)",2,DGAFGKV,12,18,1,...[FWY]..[LVI]
198,HMCLLCPKCITFLLVMADFGCVCVPHAVNNEMKAIT,0,4.155461019,7.064084541,8.056843314,8.350349408,8.303037041,21,204,810,260,52,42,36,6,1389,sp|Q9BUX1|CHAC1_HUMAN,38.462,26.0,16.0,0.0,10.0,35.0,176.0,201.0,1.7,24.3,1.847477862,2.054790514,2.270414656,2.06,"('CITFLLV', 8, 14)",2,CITFLLV,8,14,1,...[FWY]..[LVI]
198,HMCLLCPKCITFLLVMADFGCVCVPHAVNNEMKAIT,0,4.155461019,7.064084541,8.056843314,8.350349408,8.303037041,21,204,810,260,52,42,36,6,1389,sp|Q9BUX1|CHAC1_HUMAN,38.462,26.0,16.0,0.0,10.0,35.0,176.0,201.0,1.7,24.3,1.847477862,2.054790514,2.270414656,2.06,"('MADFGCV', 15, 21)",2,MADFGCV,15,21,1,...[FWY]..[LVI]
201,MWNIFSKAGYGSLRVISSSGFSSWM,0,4.636165436,6.94662696,8.064222845,8.33173373,8.303037041,18,244,640,224,44,36,25,6,1206,sp|Q9UNW1|MINP1_HUMAN,56.25,16.0,7.0,0.0,4.0,19.0,168.0,183.0,0.93,24.3,1.850625414,2.047052565,2.270414656,2.06,"('KAGYGSL', 6, 12)",2,KAGYGSL,6,12,1,...[FWY]..[LVI]
201,MWNIFSKAGYGSLRVISSSGFSSWM,0,4.636165436,6.94662696,8.064222845,8.33173373,8.303037041,18,244,640,224,44,36,25,6,1206,sp|Q9UNW1|MINP1_HUMAN,56.25,16.0,7.0,0.0,4.0,19.0,168.0,183.0,0.93,24.3,1.850625414,2.047052565,2.270414656,2.06,"('SSGFSSW', 17, 23)",2,SSGFSSW,17,23,1,...[FWY]..[WFY]
237,YLKYINLKASEKLDYITYLSI,0,4.723350006,7.841202233,8.116092085,8.243860974,7.788463868,10,144,661,129,23,14,21,6,981,sp|Q12874|SF3A3_HUMAN,100.0,21.0,0.0,0.0,1.0,21.0,146.0,166.0,1.51e-07,43.1,1.872748927,2.01052664,2.054864064,1.98,"('YLKYINL', 0, 6)",2,YLKYINL,0,6,1,...[FWY]..[LVI]
237,YLKYINLKASEKLDYITYLSI,0,4.723350006,7.841202233,8.116092085,8.243860974,7.788463868,10,144,661,129,23,14,21,6,981,sp|Q12874|SF3A3_HUMAN,100.0,21.0,0.0,0.0,1.0,21.0,146.0,166.0,1.51e-07,43.1,1.872748927,2.01052664,2.054864064,1.98,"('KLDYITY', 11, 17)",2,KLDYITY,11,17,1,...[FWY]..[WFY]
241,TFKAAVSNFTTFKAAGIFRTLKFQQYSV,0,4.86630796,7.096577261,7.993608078,8.077851023,7.935305257,20,318,789,237,41,31,28,6,1436,,,,,,,,,,,,1.820506471,1.941521553,2.116374749,1.96,"('VSNFTTF', 5, 11)",2,VSNFTTF,5,11,1,...[FWY]..[WFY]
241,TFKAAVSNFTTFKAAGIFRTLKFQQYSV,0,4.86630796,7.096577261,7.993608078,8.077851023,7.935305257,20,318,789,237,41,31,28,6,1436,,,,,,,,,,,,1.820506471,1.941521553,2.116374749,1.96,"('AGIFRTL', 14, 20)",2,AGIFRTL,14,20,1,...[FWY]..[LVI]
277,MMEELHSWTHVGRNYWRPVFLV,0,4.523880729,7.808568915,8.261733678,7.920236589,7.415511771,37,464,2391,528,68,40,22,6,3528,sp|Q6PI47|KCD18_HUMAN,41.176,17.0,10.0,0.0,1.0,17.0,210.0,226.0,2.6,22.7,1.934868667,1.876006218,1.89863741,1.9,"('LHSWTHV', 4, 10)",2,LHSWTHV,4,10,1,...[FWY]..[LVI]
277,MMEELHSWTHVGRNYWRPVFLV,0,4.523880729,7.808568915,8.261733678,7.920236589,7.415511771,37,464,2391,528,68,40,22,6,3528,sp|Q6PI47|KCD18_HUMAN,41.176,17.0,10.0,0.0,1.0,17.0,210.0,226.0,2.6,22.7,1.934868667,1.876006218,1.89863741,1.9,"('RNYWRPV', 12, 18)",2,RNYWRPV,12,18,1,...[FWY]..[LVI]
289,MYIPQTFTKLQRLPWFKSKSCFHLLC,0,5.123280613,7.762714618,8.444714832,8.52765394,6.566071447,10,190,626,162,28,6,26,6,1022,sp|Q9H015|S22A4_HUMAN,38.889,18.0,11.0,0.0,1.0,18.0,513.0,530.0,0.61,25.0,2.012914652,2.128490401,1.542813643,1.89,"('PQTFTKL', 3, 9)",2,PQTFTKL,3,9,1,...[FWY]..[LVI]
289,MYIPQTFTKLQRLPWFKSKSCFHLLC,0,5.123280613,7.762714618,8.444714832,8.52765394,6.566071447,10,190,626,162,28,6,26,6,1022,sp|Q9H015|S22A4_HUMAN,38.889,18.0,11.0,0.0,1.0,18.0,513.0,530.0,0.61,25.0,2.012914652,2.128490401,1.542813643,1.89,"('KSCFHLL', 18, 24)",2,KSCFHLL,18,24,1,...[FWY]..[LVI]
316,IWQFSSLFSKIKSWEFNEVTSMSST,0,4.665990627,7.610265399,7.825743439,7.895385725,7.478123748,31,429,1746,327,56,35,25,6,2624,sp|Q9UH90|FBX40_HUMAN,100.0,23.0,0.0,0.0,1.0,23.0,639.0,661.0,2.11e-10,51.6,1.748908053,1.8656765,1.924865067,1.85,"('IWQFSSL', 0, 6)",2,IWQFSSL,0,6,1,...[FWY]..[LVI]
316,IWQFSSLFSKIKSWEFNEVTSMSST,0,4.665990627,7.610265399,7.825743439,7.895385725,7.478123748,31,429,1746,327,56,35,25,6,2624,sp|Q9UH90|FBX40_HUMAN,100.0,23.0,0.0,0.0,1.0,23.0,639.0,661.0,2.11e-10,51.6,1.748908053,1.8656765,1.924865067,1.85,"('SWEFNEV', 12, 18)",2,SWEFNEV,12,18,1,...[FWY]..[LVI]
326,DQDVDTRDFFDNGEWEIVSATGSKGNRTDSCCWYPY,0,5.540455439,7.300854609,7.890528345,7.936874113,7.254827948,213,5404,9681,2350,396,206,36,6,18250,sp|P30532|ACHA5_HUMAN,97.222,36.0,1.0,0.0,1.0,36.0,204.0,239.0,2.99e-22,85.9,1.776540417,1.88292191,1.83132824,1.83,"('NGEWEIV', 11, 17)",2,NGEWEIV,11,17,1,...[FWY]..[LVI]
326,DQDVDTRDFFDNGEWEIVSATGSKGNRTDSCCWYPY,0,5.540455439,7.300854609,7.890528345,7.936874113,7.254827948,213,5404,9681,2350,396,206,36,6,18250,sp|P30532|ACHA5_HUMAN,97.222,36.0,1.0,0.0,1.0,36.0,204.0,239.0,2.99e-22,85.9,1.776540417,1.88292191,1.83132824,1.83,"('SCCWYPY', 29, 35)",2,SCCWYPY,29,35,1,...[FWY]..[WFY]
328,MVEDYLANSYQDSVTFDDVAVEFTPEEWALLDTTEK,0,5.720666447,7.323476886,8.012601828,7.96929559,7.084027259,142,4082,6556,1705,270,122,36,6,12877,sp|Q8N587|ZN561_HUMAN,91.667,36.0,3.0,0.0,1.0,36.0,28.0,63.0,1.08e-18,75.9,1.828607775,1.896398493,1.759781196,1.83,"('SVTFDDV', 12, 18)",2,SVTFDDV,12,18,1,...[FWY]..[LVI]
328,MVEDYLANSYQDSVTFDDVAVEFTPEEWALLDTTEK,0,5.720666447,7.323476886,8.012601828,7.96929559,7.084027259,142,4082,6556,1705,270,122,36,6,12877,sp|Q8N587|ZN561_HUMAN,91.667,36.0,3.0,0.0,1.0,36.0,28.0,63.0,1.08e-18,75.9,1.828607775,1.896398493,1.759781196,1.83,"('PEEWALL', 24, 30)",2,PEEWALL,24,30,1,...[FWY]..[LVI]
367,PLEQVADDGLYEFLDFVDATDRYRSLWV,0,5.066623004,7.815908575,8.097146916,7.85460011,6.700372539,41,749,2663,522,72,27,28,6,4074,sp|Q8IWD5|MFS6L_HUMAN,96.429,28.0,1.0,0.0,1.0,28.0,262.0,289.0,6.32e-13,58.9,1.864668345,1.848723209,1.599071298,1.77,"('DGLYEFL', 7, 13)",2,DGLYEFL,7,13,1,...[FWY]..[LVI]
369,MDLAKHLPHAFSKLETHGAFLSY,0,3.012856624,6.434145466,7.244416182,7.674495328,7.76246866,40,176,997,282,62,55,23,6,1612,sp|Q14191|WRN_HUMAN,100.0,15.0,0.0,0.0,1.0,15.0,262.0,276.0,2.9e-05,37.0,1.500957608,1.773859348,2.043974879,1.77,"('HGAFLSY', 16, 22)",2,HGAFLSY,16,22,1,...[FWY]..[WFY]
373,QAKAIFEKVKRFRMHVEQKDTFIVYI,0,5.687851325,8.036845261,8.488569122,6.720299018,7.440540565,10,281,757,167,8,11,26,6,1234,sp|Q6P9F7|LRC8B_HUMAN,88.0,25.0,1.0,1.0,1.0,25.0,233.0,255.0,1.05e-08,47.0,2.031619591,1.377230119,1.909121772,1.77,"('KAIFEKV', 2, 8)",2,KAIFEKV,2,8,1,...[FWY]..[LVI]
373,QAKAIFEKVKRFRMHVEQKDTFIVYI,0,5.687851325,8.036845261,8.488569122,6.720299018,7.440540565,10,281,757,167,8,11,26,6,1234,sp|Q6P9F7|LRC8B_HUMAN,88.0,25.0,1.0,1.0,1.0,25.0,233.0,255.0,1.05e-08,47.0,2.031619591,1.377230119,1.909121772,1.77,"('KDTFIVY', 18, 24)",2,KDTFIVY,18,24,1,...[FWY]..[WFY]
387,LTRYLNWIGVPTREFNVGQYRRDVVKTYKSFEFL,0,3.119975469,6.613136578,7.554282659,7.042227113,7.866937926,23,109,649,201,23,34,34,6,1039,sp|Q16877|F264_HUMAN,100.0,33.0,0.0,0.0,1.0,33.0,59.0,91.0,7.38e-18,73.2,1.63312332,1.511045447,2.08773622,1.74,"('LTRYLNW', 0, 6)",2,LTRYLNW,0,6,1,...[FWY]..[WFY]
387,LTRYLNWIGVPTREFNVGQYRRDVVKTYKSFEFL,0,3.119975469,6.613136578,7.554282659,7.042227113,7.866937926,23,109,649,201,23,34,34,6,1039,sp|Q16877|F264_HUMAN,100.0,33.0,0.0,0.0,1.0,33.0,59.0,91.0,7.38e-18,73.2,1.63312332,1.511045447,2.08773622,1.74,"('VKTYKSF', 24, 30)",2,VKTYKSF,24,30,1,...[FWY]..[WFY]
424,MPNTSVVLDTDAEFVILLLFLLLLFFFFRASFA,0,4.431675553,7.914457215,8.140802109,7.387362599,6.622836744,407,4788,28304,5341,517,254,33,6,39611,sp|Q9ULI3|HEG1_HUMAN,100.0,15.0,0.0,0.0,1.0,15.0,642.0,656.0,0.000175,35.4,1.883288363,1.654507353,1.566592173,1.7,"('DAEFVIL', 10, 16)",2,DAEFVIL,10,16,1,...[FWY]..[LVI]
424,MPNTSVVLDTDAEFVILLLFLLLLFFFFRASFA,0,4.431675553,7.914457215,8.140802109,7.387362599,6.622836744,407,4788,28304,5341,517,254,33,6,39611,sp|Q9ULI3|HEG1_HUMAN,100.0,15.0,0.0,0.0,1.0,15.0,642.0,656.0,0.000175,35.4,1.883288363,1.654507353,1.566592173,1.7,"('LLLFFFF', 21, 27)",2,LLLFFFF,21,27,1,...[FWY]..[WFY]
1,LWQPHSSKQDDMWEHIAISML,0,4.420855669,9.95503262,12.10413711,12.85485158,13.58494807,244,2849,69810,49946,13714,18986,21,6,155549,sp|Q96RS6|NUDC1_HUMAN,100.0,17.0,0.0,0.0,1.0,17.0,465.0,481.0,4.55e-07,42.0,3.573748709,3.927169607,4.482964995,3.99,"('DDMWEHI', 9, 15)",1,DDMWEHI,9,15,1,...[FWY]..[LVI]
2,VIEEADLDGDGSWALLTSRT,0,6.061219645,10.52118265,11.960512,12.78638821,12.78200885,10,364,4236,1853,536,446,20,6,7445,sp|O75838|CIB2_HUMAN,100.0,11.0,0.0,0.0,1.0,11.0,152.0,162.0,0.071,27.3,3.512489048,3.898711548,4.146620167,3.85,"('DGSWALL', 9, 15)",1,DGSWALL,9,15,1,...[FWY]..[LVI]
3,LHNPESGEEAVALLEELQRDLGWDILA,0,5.191721669,10.33467737,12.02097395,12.59445283,12.50948792,13,259,4839,2512,610,480,27,6,8713,sp|P59923|ZN445_HUMAN,100.0,21.0,0.0,0.0,1.0,21.0,117.0,137.0,1.01e-08,47.0,3.538277568,3.81893008,4.032463327,3.8,"('DLGWDIL', 19, 25)",1,DLGWDIL,19,25,1,...[FWY]..[LVI]
4,QIPENSTSSQADDEWCYVLI,0,5.148098227,10.13143692,11.83832719,12.6298295,12.70513548,91,1759,29422,15493,4376,3848,20,6,54989,sp|O15062|ZBTB5_HUMAN,100.0,10.0,0.0,0.0,1.0,10.0,552.0,561.0,1.4,23.5,3.460374209,3.833635042,4.11441853,3.8,"('DDEWCYV', 11, 17)",1,DDEWCYV,11,17,1,...[FWY]..[LVI]
5,IWYWSDEFGSWQEYGRQGTVTL,0,5.208992177,9.572567064,11.56964421,12.33433955,12.64350109,319,6432,70014,45082,12499,12925,22,6,147271,sp|Q9H0J9|PAR12_HUMAN,100.0,20.0,0.0,0.0,1.0,20.0,378.0,397.0,2.58e-10,51.2,3.345774276,3.710809219,4.088600373,3.72,"('SDEFGSW', 4, 10)",1,SDEFGSW,4,10,1,...[FWY]..[WFY]
6,EDWDMLDVDEDEKLTGEEEFELLLVRLV,0,4.290390599,10.29745567,11.86211592,12.40854933,12.249456,12,128,4353,2077,495,370,28,6,7435,sp|Q15751|HERC1_HUMAN,100.0,23.0,0.0,0.0,1.0,23.0,3075.0,3097.0,4.13e-11,53.5,3.470520691,3.741655875,3.923538034,3.71,"('EEEFELL', 16, 22)",1,EEEFELL,16,22,1,...[FWY]..[LVI]
7,ASTISSNASKGREAMEWVIIN,0,5.98577709,9.823032281,11.82611941,12.32088775,12.06277394,11,380,2872,1857,427,298,21,6,5845,sp|Q9Y3B1|PLD3B_HUMAN,100.0,19.0,0.0,0.0,1.0,19.0,146.0,164.0,1.28e-06,40.4,3.455167286,3.705217731,3.845338411,3.67,"('AMEWVII', 13, 19)",1,AMEWVII,13,19,1,...[FWY]..[LVI]
8,RPSETGSDDDWEYLLNSDYHQNVESHL,0,5.085347916,9.552476827,11.44220798,12.25492614,12.51681633,144,2665,31168,18630,5340,5344,27,6,63291,sp|Q9H1A4|APC1_HUMAN,100.0,27.0,0.0,0.0,1.0,27.0,697.0,723.0,1.19e-13,60.8,3.291419572,3.677799573,4.035533141,3.67,"('DDDWEYL', 7, 13)",1,DDDWEYL,7,13,1,...[FWY]..[LVI]
9,LINILLPGSLEPVRPFSNWEVLDS,0,5.098201421,9.548299156,11.53850566,11.99580552,12.52211987,226,4220,48775,31257,7003,8418,24,6,99899,sp|Q02040|AK17A_HUMAN,40.909,22.0,13.0,0.0,2.0,23.0,32.0,53.0,0.33,25.4,3.332492914,3.570091329,4.037754752,3.65,"('VRPFSNW', 12, 18)",1,VRPFSNW,12,18,1,...[FWY]..[WFY]
13,AVNFTQEEWTLLDISQKNLS,0,4.203040464,9.271329573,11.29518338,11.92389173,12.16697549,25,251,4453,2921,737,728,20,6,9115,sp|Q9H0M5|ZN700_HUMAN,100.0,19.0,0.0,0.0,1.0,19.0,30.0,48.0,5.29e-08,44.3,3.228709946,3.54019904,3.888987608,3.55,"('QEEWTLL', 5, 11)",1,QEEWTLL,5,11,1,...[FWY]..[LVI]
14,EKNVYCQQTLCTSELFEDLTWFLSNDQTLI,0,5.191721669,10.14743127,11.69285866,11.96383921,11.56259926,13,259,4250,2001,394,249,30,6,7166,sp|Q8NA31|TERB1_HUMAN,89.655,29.0,3.0,0.0,1.0,29.0,88.0,116.0,5.86e-13,58.9,3.398328283,3.556803945,3.63581923,3.53,"('SELFEDL', 12, 18)",1,SELFEDL,12,18,1,...[FWY]..[LVI]
16,SVSTLLDTNILAPATDLLMSWVML,0,5.020077547,9.389505846,11.19532099,11.79085562,12.18663247,77,1362,14886,8395,2070,2273,24,6,29063,sp|Q9UKF2|ADA30_HUMAN,100.0,15.0,0.0,0.0,1.0,15.0,320.0,334.0,0.000759,33.1,3.186116171,3.484900138,3.897221759,3.52,"('LMSWVML', 17, 23)",1,LMSWVML,17,23,1,...[FWY]..[LVI]
17,KLEVPTGPEVQTPKPSDADWDDLWTSLMGGGI,0,6.51920929,9.64886892,11.25334141,11.69184257,11.54335137,20,1000,4628,2270,502,378,32,6,8798,sp|Q96FL9|GLT14_HUMAN,100.0,24.0,0.0,0.0,1.0,24.0,30.0,53.0,2.65e-12,57.4,3.210863313,3.443743543,3.627756445,3.43,"('DADWDDL', 16, 22)",1,DADWDDL,16,22,1,...[FWY]..[LVI]
21,PYDSYNPSVLRGPLLGHTDAVWGLL,0,4.922658815,9.3366239,10.90899585,11.38800195,11.89599233,30,496,5591,2682,610,724,25,6,10133,sp|O43815|STRN_HUMAN,95.833,24.0,1.0,0.0,1.0,24.0,552.0,575.0,1.48e-12,57.8,3.06399142,3.317446606,3.775474927,3.39,"('DAVWGLL', 18, 24)",1,DAVWGLL,18,24,1,...[FWY]..[LVI]
25,VLDGTDAWDSATETKTFLVSQDIQDEGWETLEVSSA,0,5.968899677,9.256362027,10.94981404,11.43533397,11.2324145,174,5941,30673,16002,3656,2651,36,6,59097,sp|Q9UK05|GDF2_HUMAN,100.0,36.0,0.0,0.0,1.0,36.0,175.0,210.0,2.9e-18,74.3,3.081401386,3.337121031,3.497507474,3.31,"('DEGWETL', 24, 30)",1,DEGWETL,24,30,1,...[FWY]..[LVI]
26,MEGGHAPEEEIWEELSVMEVYDGREHSAYGEPRKLL,0,6.002444025,9.566990242,10.95791065,11.3543647,11.28550712,207,7234,45257,19144,4112,3272,36,6,79226,sp|P43355|MAGA1_HUMAN,100.0,36.0,0.0,0.0,1.0,36.0,204.0,239.0,1.29e-19,77.4,3.08485479,3.303464667,3.519747546,3.3,"('EEIWEEL', 8, 14)",1,EEIWEEL,8,14,1,...[FWY]..[LVI]
29,VLESSQENEDDHFWELLSTTTKQ,0,5.892887759,9.230339416,11.01436664,11.21563268,11.15451452,23,745,3982,2212,415,332,23,6,7709,sp|Q8NDW4|ZN248_HUMAN,100.0,17.0,0.0,0.0,1.0,17.0,88.0,104.0,3.37e-06,39.7,3.108934666,3.245798153,3.464875793,3.27,"('DDHFWEL', 9, 15)",1,DDHFWEL,9,15,1,...[FWY]..[LVI]
31,LEFLEELKKINYQVDSWEEI,0,6.38314774,9.572043582,11.09780317,11.26719348,10.85147367,20,910,4388,2038,374,234,20,6,7964,sp|Q13635|PTC1_HUMAN,95.0,20.0,1.0,0.0,1.0,20.0,262.0,281.0,1.92e-08,45.8,3.144522407,3.267230345,3.337934401,3.25,"('VDSWEEI', 13, 19)",1,VDSWEEI,13,19,1,...[FWY]..[LVI]
32,TADRWDDEDWGSLEQEAESVLAQQDDWSTGGQVSRA,0,6.227338429,9.504886536,10.86361403,11.29812534,10.95597634,38,1552,7958,3292,726,478,36,6,14044,sp|Q96KG9|SCYL1_HUMAN,100.0,36.0,0.0,0.0,1.0,36.0,640.0,675.0,1.45e-18,75.5,3.044634952,3.280087741,3.381709735,3.24,"('DEDWGSL', 6, 12)",1,DEDWGSL,6,12,1,...[FWY]..[LVI]
35,PRDYSGENPSKCEDCGPLQASLESGYPFIIISE,0,6.024132292,9.182025799,10.62506255,10.86907821,11.23264771,21,745,3516,1542,298,320,33,6,6442,sp|Q12901|ZN155_HUMAN,100.0,16.0,0.0,0.0,1.0,16.0,503.0,518.0,1.59e-06,41.2,2.942886849,3.101746419,3.497605165,3.18,"('ESGYPFI', 22, 28)",1,ESGYPFI,22,28,1,...[FWY]..[LVI]
36,SSENWEIIREDEATMYSSQAFPSPPPSSNLDVPTHL,0,6.616110273,9.201556107,10.69209952,10.95164653,10.81666076,38,2032,6449,2923,571,434,36,6,12447,sp|P46934|NEDD4_HUMAN,97.222,36.0,1.0,0.0,1.0,36.0,681.0,716.0,9.85e-19,75.9,2.971479776,3.13606746,3.323351553,3.14,"('SENWEII', 1, 7)",1,SENWEII,1,7,1,...[FWY]..[LVI]
39,MDWGTELWDQFEVLERHTQWGLDLLDRM,0,4.991560241,8.82555231,10.46957548,10.91427821,10.80932896,190,3295,24847,12526,2782,2159,28,6,45799,sp|Q15642|CIP4_HUMAN,100.0,27.0,0.0,0.0,1.0,27.0,1.0,27.0,1.79e-15,66.2,2.87656777,3.120534629,3.320280321,3.11,"('TELWDQF', 4, 10)",1,TELWDQF,4,10,1,...[FWY]..[WFY]
40,GWDAMKGTTTIEKYDLPNSWLILAP,0,5.737473825,8.881202432,10.30841676,10.93299804,10.89300022,24,698,3262,1415,356,289,25,6,6044,sp|Q9C0H6|KLHL4_HUMAN,86.364,22.0,2.0,1.0,1.0,21.0,436.0,457.0,4.35e-06,39.3,2.807829593,3.128315872,3.355329544,3.1,"('PNSWLIL', 16, 22)",1,PNSWLIL,16,22,1,...[FWY]..[LVI]
43,SRPSPDSSESDWETLDPSVLEDPNLKEREQLGSDQT,0,6.3998372,9.023159648,10.43933531,10.48224128,10.71939994,34,1565,5099,2195,369,363,36,6,9625,sp|Q8NBF6|AVL9_HUMAN,100.0,36.0,0.0,0.0,1.0,36.0,320.0,355.0,2.61e-18,74.7,2.863669589,2.94095054,3.282609771,3.03,"('ESDWETL', 8, 14)",1,ESDWETL,8,14,1,...[FWY]..[LVI]
44,AASWESQRARDTLPQSESHQEESWLSVGPGGEITEL,0,4.654963031,9.024724383,10.49861279,10.57828001,10.48360929,15,206,2252,1009,174,136,36,6,3792,sp|Q15361|TTF1_HUMAN,100.0,36.0,0.0,0.0,1.0,36.0,175.0,210.0,3.35e-19,77.0,2.8889529,2.980870805,3.183838951,3.02,"('EESWLSV', 20, 26)",1,EESWLSV,20,26,1,...[FWY]..[LVI]
46,YILNGGSEEWEDLTSAPSAAVTAEKNSVLPGERLVR,0,5.794724445,8.721867524,10.25156912,10.61888802,10.58589001,610,18459,74240,34575,7278,5937,36,6,141099,sp|Q12866|MERTK_HUMAN,100.0,36.0,0.0,0.0,1.0,36.0,929.0,964.0,2.01e-18,75.1,2.78358267,2.997750268,3.226683528,3.0,"('SEEWEDL', 6, 12)",1,SEEWEDL,6,12,1,...[FWY]..[LVI]
49,MNNDKHCFECYGYDIIIDES,0,5.468542804,8.920670325,10.05985937,10.5321931,10.48236074,51,1231,7124,2531,573,462,20,6,11972,sp|O95922|TTLL1_HUMAN,94.737,19.0,1.0,0.0,1.0,19.0,300.0,318.0,3.14e-09,47.8,2.701813724,2.961713933,3.183315945,2.95,"('KHCFECY', 4, 10)",1,KHCFECY,4,10,1,...[FWY]..[WFY]
51,LLLEPGNSEMQIPVKQNEARTETLNSFTVLETVIE,0,6.463421511,8.500315831,10.02413915,10.41306481,10.3337993,29,1395,3027,1404,300,237,35,6,6392,sp|Q9Y6B7|AP4B1_HUMAN,91.429,35.0,2.0,1.0,1.0,34.0,697.0,731.0,2.17e-13,60.5,2.686578165,2.91219607,3.121084742,2.91,"('LNSFTVL', 23, 29)",1,LNSFTVL,23,29,1,...[FWY]..[LVI]
52,NEPWEEEWTLLGKEELSGSLLQSVQEALEERSLTIR,0,6.129162817,8.772635565,10.27039137,10.47567441,10.02709919,219,8356,27608,12576,2366,1447,36,6,52572,sp|Q12851|M4K2_HUMAN,100.0,36.0,0.0,0.0,1.0,36.0,349.0,384.0,2.33e-17,72.0,2.791610822,2.938220902,2.992610517,2.91,"('EEEWTLL', 4, 10)",1,EEEWTLL,4,10,1,...[FWY]..[LVI]
55,HSVVPLLDSYDLLSYDDLSH,0,6.200556327,8.88015668,10.24232178,10.30389468,9.797801733,22,882,2988,1239,211,124,20,6,5466,sp|A2RUB1|MEIOC_HUMAN,100.0,20.0,0.0,0.0,1.0,20.0,698.0,717.0,4.45e-08,44.7,2.779638449,2.866817501,2.896559645,2.85,"('LDSYDLL', 6, 12)",1,LDSYDLL,6,12,1,...[FWY]..[LVI]
56,PHSHAFIDLTEDFTADLFLTTLNATTSTFQFEI,0,5.857482423,8.719616268,10.00261863,10.01464128,10.26426747,33,1043,4010,1574,259,257,33,6,7176,sp|Q8TB96|TIP_HUMAN,100.0,33.0,0.0,0.0,1.0,33.0,204.0,236.0,4.49e-16,68.2,2.677399131,2.74658401,3.091958417,2.84,"('SHAFIDL', 2, 8)",1,SHAFIDL,2,8,1,...[FWY]..[LVI]
60,NAEYEYEVTEEDWETIILVFPQRMPND,0,4.708243114,8.792639631,10.15016945,9.999866611,9.849645734,108,1539,13805,5706,839,631,27,6,22628,sp|O76064|RNF8_HUMAN,100.0,16.0,0.0,0.0,1.0,16.0,117.0,132.0,3.71e-05,37.0,2.740333205,2.740442647,2.918276683,2.8,"('EEDWETI', 9, 15)",1,EEDWETI,9,15,1,...[FWY]..[LVI]
63,NTLSSGADYPDELQCWMLLC,0,5.702042813,8.589184139,9.805304547,10.13908865,9.715065791,90,2554,9991,3744,770,479,20,6,17628,sp|Q8NHM4|TRY6_HUMAN,100.0,15.0,0.0,0.0,1.0,15.0,146.0,160.0,5.57e-05,35.8,2.593239798,2.798312847,2.86190222,2.75,"('LQCWMLL', 12, 18)",1,LQCWMLL,12,18,1,...[FWY]..[LVI]
64,TEGSLEWDILEVKRLLDHQDNILSLINVNI,0,6.217484765,8.790861947,10.06323164,9.926749895,9.556793634,39,1582,4979,1940,288,186,30,6,9014,sp|Q9HAD4|WDR41_HUMAN,100.0,29.0,0.0,0.0,1.0,29.0,204.0,232.0,3.43e-13,59.7,2.703252079,2.710050341,2.795603277,2.74,"('SLEWDIL', 3, 9)",1,SLEWDIL,3,9,1,...[FWY]..[LVI]
67,PTGEPQQEDDEFLMATDVDDRFETLEPEVSHEETEH,0,6.018736314,9.004077232,10.09921827,9.843127013,9.642887044,32,1131,4736,1632,223,162,36,6,7916,sp|Q12797|ASPH_HUMAN,100.0,36.0,0.0,0.0,1.0,36.0,175.0,210.0,2.08e-18,75.1,2.718601264,2.675290953,2.831667119,2.74,"('DDRFETL', 18, 24)",1,DDRFETL,18,24,1,...[FWY]..[LVI]
68,SKTMMHILSQPNTFPTVVNSIN,0,5.597819124,8.596817083,9.655611614,9.929752384,9.911846284,10,264,1116,375,74,61,22,6,1900,sp|Q86T65|DAAM2_HUMAN,33.333,21.0,14.0,0.0,1.0,21.0,188.0,208.0,8.6,21.6,2.529392062,2.71129838,2.944331996,2.73,"('PNTFPTV', 10, 16)",1,PNTFPTV,10,16,1,...[FWY]..[LVI]
75,ELDPALDNVLERTSLNWVYL,0,5.360064127,8.684719219,9.774537311,10.13908865,9.303037041,18,403,2135,733,154,72,20,6,3515,sp|Q8TE73|DYH5_HUMAN,100.0,12.0,0.0,0.0,1.0,12.0,3655.0,3666.0,0.036,28.1,2.580116811,2.798312847,2.689306668,2.69,"('SLNWVYL', 13, 19)",1,SLNWVYL,13,19,1,...[FWY]..[LVI]
77,APDFVGDILWEHLEILQKEDVKPYQVNGVNPAYPES,0,6.455800119,8.581873475,9.810497216,9.615116781,9.595818791,20,957,2209,835,119,98,36,6,4238,sp|P14921|ETS1_HUMAN,100.0,36.0,0.0,0.0,1.0,36.0,117.0,152.0,1.35e-19,78.2,2.595454599,2.580514311,2.811950604,2.66,"('DILWEHL', 6, 12)",1,DILWEHL,6,12,1,...[FWY]..[LVI]
78,SDNLPVAIKHVEKDRISDWGELLMAPVCRWKWSC,0,5.523728307,8.168640472,9.576141564,9.924390623,9.425027566,51,1279,4230,1810,376,222,34,6,7968,sp|P11309|PIM1_HUMAN,100.0,22.0,0.0,0.0,1.0,22.0,59.0,80.0,4.82e-09,48.1,2.495496121,2.709069666,2.740407524,2.65,"('ISDWGEL', 15, 21)",1,ISDWGEL,15,21,1,...[FWY]..[LVI]
79,GPGEDRETLGLKTSSSLPEAWGLLDDDDGMYGEREA,0,6.029681246,8.514178295,9.587640264,9.91457929,9.404123166,31,1104,3267,1109,227,133,36,6,5871,sp|O75807|PR15A_HUMAN,100.0,36.0,0.0,0.0,1.0,36.0,88.0,123.0,2.58e-18,74.7,2.5004006,2.704991405,2.731650838,2.65,"('PEAWGLL', 17, 23)",1,PEAWGLL,17,23,1,...[FWY]..[LVI]
80,LLSLYDNKLQTISKGLFAPLQSI,0,4.996368501,8.740652856,9.417747784,9.910123577,9.566071447,10,174,1233,318,73,48,23,6,1856,sp|O75094|SLIT3_HUMAN,100.0,23.0,0.0,0.0,1.0,23.0,407.0,429.0,7.11e-10,50.1,2.427937258,2.703139306,2.799489679,2.64,"('KGLFAPL', 13, 19)",1,KGLFAPL,13,19,1,...[FWY]..[LVI]
81,MAEGDAGSDQRQNEEIEAMAAIYGEEWCVIDDCAKI,0,4.988053233,8.742406892,9.815671263,9.786388208,9.209927637,20,346,2469,838,134,75,36,6,3882,sp|Q9P2X3|IMPCT_HUMAN,100.0,36.0,0.0,0.0,1.0,36.0,1.0,36.0,3.07e-19,76.6,2.597661458,2.651706427,2.650303882,2.63,"('GEEWCVI', 23, 29)",1,GEEWCVI,23,29,1,...[FWY]..[LVI]
87,MNPDDTFEVLVDQTVVNKGSLLEDVVPPIKPPKEIE,0,5.520996311,8.33949581,9.669577898,9.759140744,9.154416587,355,8886,33146,13442,2334,1281,36,6,59444,sp|O14967|CLGN_HUMAN,100.0,36.0,0.0,0.0,1.0,36.0,233.0,268.0,8.49e-18,73.2,2.535349027,2.640380518,2.627050747,2.6,"('DDTFEVL', 3, 9)",1,DDTFEVL,3,9,1,...[FWY]..[LVI]
89,VVEKEELNMIDNFFSEPTTKSWEIITVEEAKRRKST,0,5.931675316,8.502077555,9.674720437,9.570078977,9.179301673,73,2429,7629,2774,421,268,36,6,13594,sp|Q8NI08|NCOA7_HUMAN,100.0,36.0,0.0,0.0,1.0,36.0,726.0,761.0,3.21e-18,74.3,2.537542447,2.56179352,2.63747491,2.58,"('TKSWEII', 18, 24)",1,TKSWEII,18,24,1,...[FWY]..[LVI]
90,ISQGTLTNETRCLTCETISSKDEDFLDLSVDVEQNT,0,6.068766454,8.285748145,9.585746808,9.560075418,9.235922845,22,805,1979,786,126,84,36,6,3802,sp|O75317|UBP12_HUMAN,97.222,36.0,1.0,0.0,1.0,36.0,175.0,210.0,1.91e-17,72.0,2.499592995,2.557635357,2.661193067,2.57,"('DEDFLDL', 21, 27)",1,DEDFLDL,21,27,1,...[FWY]..[LVI]
93,TQWQPRNCDPMVDFLDSWVHIIPV,0,6.636904332,8.633827654,9.712195143,9.523353803,9.040002635,12,651,1374,468,67,40,24,6,2612,sp|Q9UBB9|TFP11_HUMAN,100.0,24.0,0.0,0.0,1.0,24.0,494.0,517.0,6.72e-13,58.5,2.553526335,2.542371343,2.579123656,2.56,"('LDSWVHI', 14, 20)",1,LDSWVHI,14,20,1,...[FWY]..[LVI]
97,LLDTALQTPVSKQDDVVQLELPVTEAQQSYQHV,0,4.816800918,8.966369303,9.537216914,9.752720496,8.797801733,11,169,1586,380,72,31,33,6,2249,sp|Q9NR09|BIRC6_HUMAN,100.0,28.0,0.0,0.0,1.0,28.0,145.0,172.0,7.68e-12,56.2,2.478893795,2.637711823,2.477667633,2.53,"('QQSYQHV', 26, 32)",1,QQSYQHV,26,32,1,...[FWY]..[LVI]
98,ALEDSEQKHNLLHSIFMDLEDLSIIFETDD,0,6.632909789,8.988888249,9.736041885,9.212152114,8.95838887,20,1082,2929,793,90,63,30,6,4977,sp|Q8WXH0|SYNE2_HUMAN,96.667,30.0,1.0,0.0,1.0,30.0,3830.0,3859.0,1.43e-13,60.8,2.56369756,2.413014643,2.544936302,2.51,"('HSIFMDL', 12, 18)",1,HSIFMDL,12,18,1,...[FWY]..[LVI]
99,REVKSYLIETLHSLIDNLYPEENWTVLL,0,4.691641147,8.154723452,9.387046745,9.343093592,9.171792508,69,972,5668,2148,340,252,28,6,9449,sp|Q9UM21|MGT4A_HUMAN,100.0,22.0,0.0,0.0,1.0,22.0,146.0,167.0,8.48e-09,47.4,2.414842506,2.467442875,2.634329381,2.51,"('EENWTVL', 20, 26)",1,EENWTVL,20,26,1,...[FWY]..[LVI]
102,QFSAGGCTFDDGPGACDYHQDLYDDFEWVHVSAQEP,0,6.040672001,8.187222818,9.278644346,9.426639338,9.096813557,122,4378,10250,3523,637,423,36,6,19333,sp|Q15262|PTPRK_HUMAN,100.0,36.0,0.0,0.0,1.0,36.0,30.0,65.0,4.62e-23,88.2,2.368606203,2.502170199,2.602921298,2.49,"('QDLYDDF', 19, 25)",1,QDLYDDF,19,25,1,...[FWY]..[WFY]
103,KDPNVIPNLKLLSDSSGQWIILGTE,0,5.078169983,7.921961239,9.410539443,9.134485621,9.137359011,53,976,3705,1677,226,189,25,6,6826,sp|Q9BRQ4|CF300_HUMAN,100.0,25.0,0.0,0.0,1.0,25.0,68.0,92.0,1.36e-12,57.4,2.424862723,2.380731138,2.619905464,2.48,"('SGQWIIL', 15, 21)",1,SGQWIIL,15,21,1,...[FWY]..[LVI]
104,FFQNVIKETRAEPKKVTSGSSTLFWAI,0,5.101421179,8.497043948,9.049890554,9.404797192,9.250569621,14,262,1458,345,72,54,27,6,2205,sp|O75879|GATB_HUMAN,100.0,18.0,0.0,0.0,1.0,18.0,407.0,424.0,1.54e-06,40.8,2.271037057,2.49309111,2.667328485,2.48,"('STLFWAI', 20, 26)",1,STLFWAI,20,26,1,...[FWY]..[LVI]
105,LEAERSLMSSPEDLTKDFEELKAEEVDVTKDIKPQL,0,5.68600712,8.032293474,9.165837829,9.378876713,9.182541749,78,2189,5886,2083,394,287,36,6,10917,sp|P46821|MAP1B_HUMAN,100.0,36.0,0.0,0.0,1.0,36.0,823.0,858.0,2.62e-17,71.6,2.320491436,2.482316786,2.638832153,2.48,"('TKDFEEL', 14, 20)",1,TKDFEEL,14,20,1,...[FWY]..[LVI]
107,PNDSVLENKSLQENEEEEIGNLELAWDMLDLAEIMF,0,4.513308688,8.473098253,9.314914884,9.254065756,9.08064462,49,610,5019,1451,227,168,36,6,7524,sp|P49321|NASP_HUMAN,94.444,36.0,2.0,0.0,1.0,36.0,494.0,529.0,1.79e-17,72.4,2.384076485,2.430436819,2.596148259,2.47,"('ELAWDML', 22, 28)",1,ELAWDML,22,28,1,...[FWY]..[LVI]
108,VDEIYHDESWGFILILPSSA,0,5.621996608,8.783832756,9.868460263,9.305261519,8.45059423,65,1745,8258,2825,312,144,20,6,13349,sp|Q8WXS8|ATS14_HUMAN,90.909,11.0,1.0,0.0,1.0,11.0,291.0,301.0,0.16,26.2,2.620177272,2.451717278,2.332225183,2.47,"('DESWGFI', 6, 12)",1,DESWGFI,6,12,1,...[FWY]..[LVI]
113,LTDSALRAFESYRARQDSVSLRPSIRFQGSQGHISI,0,4.890303441,7.889141465,9.00673735,8.949117708,9.418514259,12,194,820,287,45,52,36,6,1410,sp|P55199|ELL_HUMAN,100.0,36.0,0.0,0.0,1.0,36.0,30.0,65.0,2.69e-18,74.7,2.252631149,2.30367956,2.737679152,2.43,"('LRAFESY', 5, 11)",1,LRAFESY,5,11,1,...[FWY]..[WFY]
116,VPPAKPEVTTTGAEFIDSTEQLEEFDLEEDFEILSV,0,5.868008249,8.19528987,9.472552585,8.998748476,8.715818567,160,5094,13518,5285,621,426,36,6,25104,sp|Q8WYN0|ATG4A_HUMAN,100.0,36.0,0.0,0.0,1.0,36.0,363.0,398.0,1.44e-17,72.4,2.451312861,2.3243095,2.44332554,2.41,"('EEDFEIL', 27, 33)",1,EEDFEIL,27,33,1,...[FWY]..[LVI]
120,VSSPKPQIIYGARGTRYQHL,0,5.160755319,8.489504059,9.244416182,9.077851023,8.735996449,10,195,1036,282,41,27,20,6,1591,sp|Q9C035|TRIM5_HUMAN,100.0,18.0,0.0,0.0,1.0,18.0,320.0,337.0,1.33e-07,43.1,2.354007045,2.357189927,2.451777893,2.39,"('GTRYQHL', 13, 19)",1,GTRYQHL,13,19,1,...[FWY]..[LVI]
127,MHKLNNAFQALREVIPHVRADKKLSKIETLTPA,0,4.651847058,8.222751365,8.993833517,9.16998266,8.355504461,27,370,2325,640,118,56,33,6,3536,sp|Q7RTS1|BHA15_HUMAN,96.97,33.0,1.0,0.0,1.0,33.0,88.0,120.0,6.99e-14,60.5,2.247127345,2.395486135,2.292392839,2.31,"('NNAFQAL', 4, 10)",1,NNAFQAL,4,10,1,...[FWY]..[LVI]
130,MNEMTASLPATTDLPEFFVFL,0,5.867819427,7.798376001,9.238435204,8.742666831,8.472962043,12,382,770,337,39,27,21,6,1567,sp|Q9UJW2|TINAG_HUMAN,100.0,19.0,0.0,0.0,1.0,19.0,204.0,222.0,4.13e-08,44.7,2.351456011,2.217864459,2.341594882,2.3,"('LPEFFVF', 13, 19)",1,LPEFFVF,13,19,1,...[FWY]..[WFY]
133,KLIGVHCTHGLNRTGYLFAVI,0,4.407848181,8.142930488,8.456540267,8.989759693,8.768700614,21,243,1711,343,81,58,21,6,2457,sp|O75319|DUS11_HUMAN,100.0,17.0,0.0,0.0,1.0,17.0,193.0,209.0,2.13e-07,42.7,2.017958493,2.320573147,2.465477407,2.27,"('GYLFAVI', 14, 20)",1,GYLFAVI,14,20,1,...[FWY]..[LVI]
135,NMSDDDGWEFVNLGDQHSFGIKTAGLEEKSTACQML,0,5.58723035,7.901608394,8.802025474,8.785789952,8.580195266,720,18869,49627,14942,2411,1745,36,6,88314,sp|O00410|IPO5_HUMAN,97.222,36.0,1.0,0.0,1.0,36.0,650.0,685.0,1.01e-19,78.6,2.165316473,2.235789377,2.386514022,2.26,"('DDGWEFV', 4, 10)",1,DDGWEFV,4,10,1,...[FWY]..[LVI]
140,RMPTFPSTEPIYLSLPGQSHISHIL,0,5.542109692,7.894760537,8.674720437,8.578280013,8.681548665,10,254,686,190,29,26,25,6,1195,sp|O00443|P3C2A_HUMAN,100.0,19.0,0.0,0.0,1.0,19.0,175.0,193.0,1.55e-07,43.5,2.111017728,2.149534058,2.428970151,2.23,"('EPIYLSL', 8, 14)",1,EPIYLSL,8,14,1,...[FWY]..[LVI]
146,ADEGWHILQDKSDDFLLGNHGYDNALADMHPIFLAH,0,5.880218855,7.999855736,8.835725061,8.962056764,7.976226725,37,1188,2730,786,140,59,36,6,4940,sp|Q9UJA9|ENPP5_HUMAN,97.222,36.0,1.0,0.0,1.0,36.0,320.0,355.0,3.64e-19,77.0,2.17969018,2.309057916,2.133516425,2.21,"('DEGWHIL', 1, 7)",1,DEGWHIL,1,7,1,...[FWY]..[LVI]
147,MAPASASGEDLRKLPTMAEVNGEQDFIDLTRETRPR,0,6.035512659,7.632927377,8.746658552,8.867140406,8.173754024,70,2503,4005,1398,248,128,36,6,8352,sp|Q8NDZ2|SIMC1_HUMAN,100.0,36.0,0.0,0.0,1.0,36.0,1.0,36.0,6.38e-19,76.3,2.141701113,2.269604188,2.216259033,2.21,"('EQDFIDL', 22, 28)",1,EQDFIDL,22,28,1,...[FWY]..[LVI]
148,RDAAQALMTFFNKVLPMNQKTV,0,4.37253964,7.593365658,8.552636857,8.932998043,8.332784385,24,271,1336,419,89,49,22,6,2188,sp|Q9P2N2|RHG28_HUMAN,75.0,20.0,5.0,0.0,1.0,20.0,508.0,527.0,0.001,32.3,2.058946064,2.296979125,2.28287558,2.21,"('MTFFNKV', 7, 13)",1,MTFFNKV,7,13,1,...[FWY]..[LVI]
150,LVGIMPLSSAFMVILLSRHQRCSPHLHSTSFLLRTS,0,5.454840471,7.794623866,8.426792924,8.79224886,8.428567923,11,263,704,176,37,24,36,6,1215,sp|Q9BXE9|VN1R3_HUMAN,40.0,35.0,21.0,0.0,2.0,36.0,194.0,228.0,0.02,29.6,2.005270516,2.238474141,2.32299854,2.19,"('SSAFMVI', 7, 13)",1,SSAFMVI,7,13,1,...[FWY]..[LVI]
151,KEQEVWKPGHNILVKMRKKINHWCGLFIQHLLATH,0,1.037624529,5.597063298,7.92321875,8.809781027,8.910719618,42,47,586,474,143,128,35,6,1420,sp|A4IF30|S35F4_HUMAN,94.737,19.0,1.0,0.0,1.0,19.0,30.0,48.0,9.96e-08,44.7,1.790483683,2.245761708,2.524968033,2.19,"('INHWCGL', 19, 25)",1,INHWCGL,19,25,1,...[FWY]..[LVI]
154,SVPIAQMGNYQEYPSTFSTA,0,5.040555691,7.964548868,8.504237009,8.539726772,8.607891623,17,305,1224,287,48,42,20,6,1923,sp|Q5JSJ4|INT6L_HUMAN,68.421,19.0,6.0,0.0,1.0,19.0,548.0,566.0,0.002,31.6,2.038302332,2.133508695,2.398115805,2.19,"('MGNYQEY', 6, 12)",1,MGNYQEY,6,12,1,...[FWY]..[WFY]
155,KPVPQDTKFIHTKANRFEEVAWSKYNPRDHSTFTS,0,6.029781765,8.217012143,8.242053044,8.589714908,8.772522325,13,463,1115,183,38,36,35,6,1848,sp|Q9NZ94|NLGN3_HUMAN,96.667,30.0,1.0,0.0,1.0,30.0,572.0,601.0,2.38e-15,66.2,1.92647439,2.154287182,2.467078291,2.18,"('ANRFEEV', 13, 19)",1,ANRFEEV,13,19,1,...[FWY]..[LVI]
164,EAELVSEETEGWEEVELELDEATRMNVVTSALEASG,0,5.827609,8.050439289,9.051283789,9.011853464,7.303037041,24,743,1834,592,94,24,36,6,3311,sp|P54257|HAP1_HUMAN,100.0,36.0,0.0,0.0,1.0,36.0,581.0,616.0,2.14e-16,69.3,2.271631306,2.329756829,1.851522644,2.15,"('TEGWEEV', 8, 14)",1,TEGWEEV,8,14,1,...[FWY]..[LVI]
165,IADIHPIQVQPGRILSYPSLVGIRI,0,5.089672221,7.993068908,8.548326441,8.346007861,8.472962043,32,594,2350,557,79,72,25,6,3684,sp|P46019|KPB2_HUMAN,94.118,17.0,1.0,0.0,1.0,17.0,465.0,481.0,9.02e-06,38.5,2.057107565,2.05298587,2.341594882,2.15,"('ILSYPSL', 13, 19)",1,ILSYPSL,13,19,1,...[FWY]..[LVI]
168,YFTATPRSFLAWGAQTFTSGNITGRSM,0,4.755771484,7.59258009,8.31608946,8.975112917,8.013530424,11,162,612,163,42,18,27,6,1008,sp|A6NDI0|TR49B_HUMAN,100.0,20.0,0.0,0.0,1.0,20.0,320.0,339.0,1.58e-09,49.3,1.958052752,2.314484946,2.149142647,2.14,"('PRSFLAW', 5, 11)",1,PRSFLAW,5,11,1,...[FWY]..[WFY]
170,HGLSDLSQVFQPYTLRTRRNSTQL,0,5.030820049,8.077177723,8.527253106,8.639467943,8.105097664,39,695,3036,669,118,68,24,6,4625,sp|Q7Z309|PBIR2_HUMAN,91.667,24.0,2.0,0.0,1.0,24.0,30.0,53.0,9.42e-10,49.7,2.048119266,2.174967945,2.187499432,2.14,"('SQVFQPY', 6, 12)",1,SQVFQPY,6,12,1,...[FWY]..[WFY]
171,MTLNEHAAFKHLFNKAHLARR,0,4.799117514,7.795286717,8.450465753,8.347081694,8.482360741,34,516,2177,553,84,77,21,6,3441,sp|Q8TDD5|MCLN3_HUMAN,61.538,13.0,5.0,0.0,8.0,20.0,97.0,109.0,7.1,21.6,2.015367562,2.053432229,2.345531921,2.14,"('HAAFKHL', 5, 11)",1,HAAFKHL,5,11,1,...[FWY]..[LVI]
175,SWIPSSVAEALGIVPLQYVFV,0,5.542109692,7.828046868,8.667107253,8.674495328,7.887999542,10,254,655,189,31,15,21,6,1154,sp|Q9NUX5|POTE1_HUMAN,100.0,21.0,0.0,0.0,1.0,21.0,523.0,543.0,4.07e-09,47.8,2.107770517,2.189527722,2.096558763,2.13,"('PLQYVFV', 14, 20)",1,PLQYVFV,14,20,1,...[FWY]..[LVI]
177,LRSPSSDLDTDAEGDDFELLDQSELSQLDPASSLA,0,6.150532936,7.86133706,8.800067899,8.246585611,8.064877304,69,2672,4625,1430,159,117,35,6,9072,sp|Q86VR2|RETR3_HUMAN,100.0,33.0,0.0,0.0,1.0,33.0,431.0,463.0,1.92e-14,63.5,2.164481519,2.011659185,2.170651444,2.12,"('GDDFELL', 13, 19)",1,GDDFELL,13,19,1,...[FWY]..[LVI]
179,MSRLSKVAPVIKAYDGVWYHNGQLPTVG,0,5.018311054,7.524357891,7.859752331,8.863256972,8.350342756,15,265,796,162,53,31,28,6,1322,sp|Q05329|DCE2_HUMAN,100.0,13.0,0.0,0.0,1.0,13.0,523.0,535.0,0.037,28.5,1.763413686,2.267989967,2.290230642,2.11,"('IKAYDGV', 10, 16)",1,IKAYDGV,10,16,1,...[FWY]..[LVI]
184,ELESNLAVVNGANISVIQHESPAMYRLL,0,5.292438428,8.374111237,8.793909793,8.627189614,7.544045141,11,235,1052,227,33,13,28,6,1571,sp|Q9NR09|BIRC6_HUMAN,100.0,23.0,0.0,0.0,1.0,23.0,783.0,805.0,6.3e-09,47.4,2.161854935,2.169864232,1.952479012,2.09,"('PAMYRLL', 21, 27)",1,PAMYRLL,21,27,1,...[FWY]..[LVI]
186,ISWLHNGKTLDGNWNILRFIRGL,0,4.972765602,7.684440948,8.674720437,8.084047289,8.16977051,17,291,1008,323,35,31,23,6,1705,sp|Q4KMG0|CDON_HUMAN,63.636,22.0,8.0,0.0,1.0,22.0,59.0,80.0,0.00016,34.7,2.111017728,1.944097145,2.214590371,2.09,"('DGNWNIL', 10, 16)",1,DGNWNIL,10,16,1,...[FWY]..[LVI]
189,PQNLAGYIWYKGQMKASTITFHHT,0,5.86630796,8.821423926,8.866416062,9.112616441,6.981108946,10,318,1304,217,42,8,24,6,1899,sp|Q16557|PSG3_HUMAN,100.0,15.0,0.0,0.0,1.0,15.0,59.0,73.0,1.65e-05,37.7,2.192780651,2.371640812,1.716669537,2.09,"('LAGYIWY', 3, 9)",1,LAGYIWY,3,9,1,...[FWY]..[WFY]
195,SLPHELLSMTMLSIFISILNIYVMGVALQYVGKHS,0,5.985106952,8.63123121,8.886224543,8.042227113,7.85943039,17,587,1943,374,34,25,35,6,2980,sp|Q96AY4|TTC28_HUMAN,72.727,11.0,3.0,0.0,25.0,35.0,133.0,143.0,2.7,23.9,2.201229457,1.926713821,2.084591373,2.07,"('LSIFISI', 11, 17)",1,LSIFISI,11,17,1,...[FWY]..[LVI]
197,SQSLTPQQQPQYNLPERDKQLLFSEYNFEDLSASFR,0,6.2425954,7.69315896,8.573685341,8.27003303,7.845186458,228,9411,13601,4039,534,332,36,6,28145,sp|Q9UPW0|FOXJ3_HUMAN,100.0,36.0,0.0,0.0,1.0,36.0,262.0,297.0,1.45e-18,75.5,2.067923762,2.021405536,2.078624704,2.06,"('QLLFSEY', 19, 25)",1,QLLFSEY,19,25,1,...[FWY]..[WFY]
199,LAQRALDEATKYALVRKTSVSCL,0,4.419673616,7.508869384,8.181680426,8.120229625,8.455040135,18,210,945,243,38,40,23,6,1494,sp|P11310|ACADM_HUMAN,94.444,18.0,1.0,0.0,1.0,18.0,291.0,308.0,5.96e-05,36.2,1.900723976,1.959136998,2.334087538,2.06,"('ATKYALV', 8, 14)",1,ATKYALV,8,14,1,...[FWY]..[LVI]
200,LSSSSRAGHQEKEQYSRLSGGGHYNSQKTLSTSSI,0,5.951196858,7.948060745,8.708828292,8.226651684,7.750496018,11,371,783,214,25,15,35,6,1419,sp|Q8TAV0|FA76A_HUMAN,100.0,35.0,0.0,0.0,1.0,35.0,146.0,180.0,2.46e-17,71.2,2.125565571,2.003373282,2.038959635,2.06,"('KEQYSRL', 11, 17)",1,KEQYSRL,11,17,1,...[FWY]..[LVI]
202,AQNSTPILYTILREQDAEGQDYCTRTALL,0,5.674094892,8.33248936,8.492882114,8.315245607,7.805537382,12,334,1115,201,29,17,29,6,1708,sp|Q7Z7L1|SLN11_HUMAN,96.429,28.0,1.0,0.0,1.0,28.0,465.0,492.0,1.36e-13,60.8,2.033459189,2.040198974,2.062016023,2.05,"('PILYTIL', 5, 11)",1,PILYTIL,5,11,1,...[FWY]..[LVI]
203,RSDIRNIFMGLDKIKKTACGFCL,0,4.181161529,7.425598765,8.37840144,8.081755477,8.177506159,36,356,1784,557,74,66,23,6,2873,sp|A6PVI3|NCB2L_HUMAN,95.652,23.0,1.0,0.0,1.0,23.0,61.0,83.0,6.36e-10,48.9,1.984630351,1.943144512,2.217830772,2.05,"('RNIFMGL', 4, 10)",1,RNIFMGL,4,10,1,...[FWY]..[LVI]
204,MTILESATHSRSHITAHRKFLLI,0,4.434320392,7.534163404,7.914058751,8.404797192,8.353663114,14,165,748,157,36,29,23,6,1149,sp|Q5T7N3|KANK4_HUMAN,56.25,16.0,7.0,0.0,7.0,22.0,118.0,133.0,7.3,21.6,1.786576717,2.077422736,2.291621514,2.05,"('HRKFLLI', 16, 22)",1,HRKFLLI,16,22,1,...[FWY]..[LVI]
206,LQRIKYEEGKNKIGSESFAYQWLL,0,5.308312507,7.903148323,8.408645577,8.627189614,7.566071447,10,216,690,158,30,12,24,6,1116,sp|Q32M45|ANO4_HUMAN,100.0,14.0,0.0,0.0,1.0,14.0,268.0,281.0,0.002,31.6,1.997530224,2.169864232,1.961705655,2.04,"('SFAYQWL', 16, 22)",1,SFAYQWL,16,22,1,...[FWY]..[LVI]
214,MPLFATNPFDQDVEKATSEMNTAEDWASFWIL,0,5.535603728,7.499021598,8.477418997,8.092853186,7.955113738,14,354,730,232,29,22,32,6,1381,sp|Q92783|STAM1_HUMAN,96.296,27.0,1.0,0.0,1.0,27.0,1.0,27.0,6.81e-13,58.9,2.026863787,1.947757478,2.124672363,2.03,"('AEDWASF', 22, 28)",1,AEDWASF,22,28,1,...[FWY]..[WFY]
219,PPTGGRYLSIGDGSGWSLSS,0,4.623545949,8.142245235,8.415477611,7.565789069,8.472962043,16,215,1303,254,23,36,20,6,1847,sp|P09131|P3_HUMAN,100.0,14.0,0.0,0.0,1.0,14.0,59.0,72.0,0.000662,32.7,2.000444255,1.728673594,2.341594882,2.02,"('GGRYLSI', 3, 9)",1,GGRYLSI,3,9,1,...[FWY]..[LVI]
220,PEGDENYMEFLEVLTEGLERVLLVRGGAVK,0,4.100319465,7.232583954,8.143783818,8.27488787,7.981108946,20,187,867,263,47,32,30,6,1416,sp|Q9UHW9|S12A6_HUMAN,96.429,28.0,1.0,0.0,1.0,28.0,1115.0,1142.0,1.75e-13,60.5,1.884560136,2.023423539,2.135561549,2.01,"('DENYMEF', 3, 9)",1,DENYMEF,3,9,1,...[FWY]..[WFY]
221,AMAYAVTWPSVARCCTVSSFPIRLAFL,0,5.465770031,7.968187445,8.376752241,8.226651684,7.750496018,11,265,794,170,25,15,27,6,1280,,,,,,,,,,,,1.983926927,2.003373282,2.038959635,2.01,"('AVTWPSV', 4, 10)",1,AVTWPSV,4,10,1,...[FWY]..[LVI]
222,LDKLLGAITTAAERNNRERFSPIVEV,0,3.26001695,6.94361821,7.785647588,8.068699324,8.548149539,27,141,958,277,55,64,26,6,1522,sp|O60879|DIAP2_HUMAN,100.0,25.0,0.0,0.0,1.0,25.0,291.0,315.0,4.99e-10,50.4,1.731806181,1.937717482,2.373090323,2.01,"('RERFSPI', 16, 22)",1,RERFSPI,16,22,1,...[FWY]..[LVI]
224,QVKLHDFFSYLMDHFIPRATTTVTS,0,4.616110273,7.98756552,8.109602748,8.575659313,7.698965718,19,254,1390,244,55,25,25,6,1987,sp|O14830|PPE2_HUMAN,89.474,19.0,2.0,0.0,1.0,19.0,59.0,77.0,2.53e-07,42.7,1.869981065,2.148444716,2.017374004,2.01,"('LHDFFSY', 3, 9)",1,LHDFFSY,3,9,1,...[FWY]..[WFY]
226,LQTDYTSQVSFPLVPSASLESVERVLL,0,5.476257144,8.232029178,8.649185345,7.779192707,7.855578064,15,364,1300,280,25,22,27,6,2006,sp|Q5SYB0|FRPD1_HUMAN,88.462,26.0,3.0,0.0,1.0,26.0,842.0,867.0,1.07e-08,47.0,2.10012638,1.817378737,2.082977665,2.0,"('QVSFPLV', 7, 13)",1,QVSFPLV,7,13,1,...[FWY]..[LVI]
228,PSSQFLAVGSYDGKVRILNT,0,4.947302942,8.292294289,8.506520116,8.390150416,7.428567923,11,185,994,186,28,12,20,6,1416,sp|Q9P2S5|WRP73_HUMAN,100.0,19.0,0.0,0.0,1.0,19.0,233.0,251.0,1.1e-07,43.5,2.039276134,2.071334534,1.904106528,2.0,"('SSQFLAV', 1, 7)",1,SSQFLAV,1,7,1,...[FWY]..[LVI]
230,SGSDGNFSEDVLSKFDEWTFIPDSSMDSVFAQSDDL,0,5.586290282,7.467407241,8.26639539,8.39903657,7.558952035,237,6207,12090,3393,607,283,36,6,22817,sp|Q5S007|LRRK2_HUMAN,100.0,36.0,0.0,0.0,1.0,36.0,858.0,893.0,1.54e-20,80.9,1.936857002,2.075028228,1.958723391,1.99,"('LSKFDEW', 11, 17)",1,LSKFDEW,11,17,1,...[FWY]..[WFY]
232,IADIHPIQVQPGRILSHIYANLVGIRI,0,4.470299689,7.947753625,8.463882243,7.916696231,7.805537382,12,145,854,197,22,17,27,6,1247,sp|P46019|KPB2_HUMAN,95.455,22.0,1.0,0.0,1.0,22.0,465.0,486.0,2.53e-09,48.5,2.021090027,1.874534603,2.062016023,1.99,"('SHIYANL', 15, 21)",1,SHIYANL,15,21,1,...[FWY]..[LVI]
233,YIASPLGFTHKENLNQDPVLEVTKEYAQISS,0,5.051430328,7.395680343,7.737580461,8.341787395,8.126159279,13,235,631,129,32,23,31,6,1063,sp|Q9UPS8|ANR26_HUMAN,57.143,28.0,12.0,0.0,2.0,29.0,1676.0,1703.0,3.15e-05,37.4,1.711304364,2.051231556,2.196321974,1.99,"('TKEYAQI', 22, 28)",1,TKEYAQI,22,28,1,...[FWY]..[LVI]
242,AQPVEATGVPVGLSGTKMYFLII,0,4.962815941,7.407369523,8.059061139,7.942691439,7.981108946,15,255,734,186,28,24,23,6,1242,sp|Q8IY51|TIGD4_HUMAN,100.0,11.0,0.0,0.0,1.0,11.0,146.0,156.0,0.067,27.3,1.84842382,1.885339989,2.135561549,1.96,"('TKMYFLI', 15, 21)",1,TKMYFLI,15,21,1,...[FWY]..[LVI]
246,YKHSLHHYTYLPDAMDLELLRT,0,5.431986878,7.965884078,8.485686613,7.890224019,7.644073959,15,353,1081,250,27,19,22,6,1745,sp|P20929|NEBU_HUMAN,86.364,22.0,3.0,0.0,1.0,22.0,1161.0,1182.0,9e-08,43.9,2.03039013,1.863530942,1.994380285,1.96,"('LHHYTYL', 4, 10)",1,LHHYTYL,4,10,1,...[FWY]..[LVI]
250,LQTMNLTQKRLDVYLQEFELLYFS,0,4.957147191,7.347164889,7.877454333,7.720299018,8.350342756,15,254,704,164,24,31,24,6,1192,sp|Q2M389|WASC4_HUMAN,100.0,24.0,0.0,0.0,1.0,24.0,1103.0,1126.0,5.23e-10,50.4,1.770964028,1.792898493,2.290230642,1.95,"('LQEFELL', 14, 20)",1,LQEFELL,14,20,1,...[FWY]..[LVI]
254,RINNAFLDRLQGKSQPGGWSNLVAVGI,0,3.209253836,6.781414009,7.411686032,7.980826568,8.525429463,24,121,761,190,46,56,27,6,1198,sp|Q96J88|ESIP1_HUMAN,94.444,18.0,1.0,0.0,1.0,18.0,283.0,300.0,1.83e-06,40.4,1.572302334,1.901191556,2.363573065,1.95,"('PGGWSNL', 15, 21)",1,PGGWSNL,15,21,1,...[FWY]..[LVI]
255,DYFVNGGQDQPGARPSFTQVIVI,0,5.293205615,8.46350885,8.22120879,7.949117708,7.695354464,16,342,1628,222,30,21,23,6,2259,sp|Q53H76|PLA1A_HUMAN,82.353,17.0,2.0,1.0,1.0,17.0,233.0,248.0,0.000432,33.5,1.917583801,1.888011186,2.015861278,1.94,"('RPSFTQV', 13, 19)",1,RPSFTQV,13,19,1,...[FWY]..[LVI]
256,IHTGEKPYQCKECGKAFIRGSQLTQHQPFTLVKNR,0,6.223276403,7.852861636,8.31608946,8.390150416,7.165533518,11,448,733,163,28,10,35,6,1393,sp|Q8TAQ5|ZN420_HUMAN,100.0,27.0,0.0,0.0,1.0,27.0,552.0,578.0,4.69e-13,59.7,1.958052752,2.071334534,1.793923516,1.94,"('HQPFTLV', 25, 31)",1,HQPFTLV,25,31,1,...[FWY]..[LVI]
257,HTLLFKAVHSSLASSSRIWAWSLPR,0,3.919747219,7.262229416,7.819110347,7.779192707,8.241636497,12,99,531,126,20,23,25,6,811,sp|P14679|TYRO_HUMAN,50.0,16.0,8.0,0.0,8.0,23.0,464.0,479.0,8.5,21.6,1.746078875,1.817378737,2.244694458,1.94,"('TLLFKAV', 1, 7)",1,TLLFKAV,1,7,1,...[FWY]..[LVI]
258,SVMNQWPGVTAGDRGLGRGRPPLRGVPAL,0,4.844979451,7.015174941,8.13776331,7.971837785,7.768700614,21,329,783,275,40,29,29,6,1477,sp|Q16787|LAMA3_HUMAN,56.25,16.0,7.0,0.0,6.0,21.0,61.0,76.0,0.62,25.0,1.881992241,1.897455203,2.046585395,1.94,"('MNQWPGV', 2, 8)",1,MNQWPGV,2,8,1,...[FWY]..[LVI]
260,QATPGVDSISGDLQPDTDEPFEMISSSVNVLGQQTL,0,5.084806465,7.318185822,8.488569122,8.305261519,6.981108946,10,185,460,167,24,8,36,6,854,sp|Q8IVF2|AHNK2_HUMAN,97.222,36.0,1.0,0.0,1.0,36.0,5554.0,5589.0,3.15e-17,71.6,2.031619591,2.036048904,1.716669537,1.93,"('DEPFEMI', 17, 23)",1,DEPFEMI,17,23,1,...[FWY]..[LVI]
266,LSSSTFLGPGLGGKSGERGAYASFGRDQAWAA,0,3.797350588,7.42857506,7.630076522,7.902824056,8.204856647,38,288,1887,350,69,71,32,6,2703,sp|P15923|TFE2_HUMAN,100.0,23.0,0.0,0.0,5.0,27.0,92.0,114.0,1.16e-09,50.1,1.665451277,1.868768379,2.229287673,1.92,"('RGAYASF', 17, 23)",1,RGAYASF,17,23,1,...[FWY]..[WFY]
269,MKFIWGVFGNRVINAKCAHVLPINTAII,0,5.935557734,8.148973439,8.715554155,8.48968609,6.428567923,11,367,900,215,30,6,28,6,1529,sp|P24723|KPCL_HUMAN,34.483,29.0,10.0,1.0,2.0,21.0,190.0,218.0,0.41,25.4,2.128434318,2.112708366,1.485214516,1.91,"('KFIWGVF', 1, 7)",1,KFIWGVF,1,7,1,...[FWY]..[WFY]
270,LMQPLAFHSLVMQRGIFTSPTNS,0,4.986198869,7.275750556,7.446692481,8.194230206,8.040002635,18,311,804,146,40,30,23,6,1349,sp|Q14865|ARI5B_HUMAN,100.0,23.0,0.0,0.0,1.0,23.0,1115.0,1137.0,7.13e-10,50.1,1.58723345,1.989896699,2.160231644,1.91,"('PLAFHSL', 3, 9)",1,PLAFHSL,3,9,1,...[FWY]..[LVI]
274,WKNHMGPFMSILQEHIGVMKKKSSPPISLS,0,4.18569322,7.306850753,8.430395161,8.256351918,6.907108365,25,248,1141,401,58,19,30,6,1892,sp|Q9H583|HEAT1_HUMAN,95.455,22.0,1.0,0.0,1.0,22.0,1837.0,1858.0,3.63e-10,51.2,2.006806958,2.01571873,1.685671284,1.9,"('MGPFMSI', 4, 10)",1,MGPFMSI,4,10,1,...[FWY]..[LVI]
275,MSERTQEQDFVIITVDDSDDNNDCSIEMVEVSETAD,0,5.912213547,7.287478486,8.048844743,7.984741618,7.512490407,64,2101,2882,788,123,74,36,6,6032,sp|Q8NDZ0|BEND2_HUMAN,100.0,36.0,0.0,0.0,1.0,36.0,1.0,36.0,3.51e-17,71.2,1.844066274,1.902818919,1.939260986,1.9,"('EQDFVII', 6, 12)",1,EQDFVII,6,12,1,...[FWY]..[LVI]
279,PAQKIEVFRGVLEQLRWFAGKQVKSVASLVGTSSL,0,5.412787231,8.000462359,8.529886417,8.591120359,6.455040135,27,627,1993,464,79,15,35,6,3205,sp|P47989|XDH_HUMAN,90.323,31.0,3.0,0.0,1.0,31.0,320.0,350.0,1.55e-13,60.8,2.049242439,2.154871384,1.496303514,1.9,"('IEVFRGV', 4, 10)",1,IEVFRGV,4,10,1,...[FWY]..[LVI]
280,PEQLQEHAIEDKETINNLDTSSSDFTILQEIEEPSL,0,5.503863316,7.186497997,8.005147353,7.953454781,7.615627272,310,7668,13016,3703,583,385,36,6,25665,sp|Q15424|SAFB1_HUMAN,100.0,36.0,0.0,0.0,1.0,36.0,175.0,210.0,7.66e-14,62.0,1.825428257,1.88981397,1.982464194,1.9,"('SSDFTIL', 21, 27)",1,SSDFTIL,21,27,1,...[FWY]..[LVI]
281,AFERTHYPDIYTREELAQLPS,0,5.293854454,7.068598738,8.110057498,7.734104818,7.690060164,13,278,503,167,21,17,21,6,999,sp|P23759|PAX7_HUMAN,100.0,18.0,0.0,0.0,1.0,18.0,235.0,252.0,4.1e-07,42.0,1.870175027,1.798637127,2.013643539,1.89,"('RTHYPDI', 3, 9)",1,RTHYPDI,3,9,1,...[FWY]..[LVI]
287,VYSANTWRALMARVHTVHSRVLLSPSFTC,0,4.284285236,7.257595842,8.053389913,8.061592438,7.415511771,37,393,1632,457,75,40,29,6,2634,sp|Q9C0F1|CEP44_HUMAN,45.0,20.0,11.0,0.0,5.0,24.0,274.0,293.0,1.9,23.9,1.846004902,1.934763374,1.89863741,1.89,"('ANTWRAL', 3, 9)",1,ANTWRAL,3,9,1,...[FWY]..[LVI]
293,IVLAKINSVNQSDVKYKETFNKAKGKYTFSRYTTY,0,4.721275678,7.481607304,7.908661932,7.93913362,7.614981048,29,417,1494,324,54,36,35,6,2354,sp|P20929|NEBU_HUMAN,88.571,35.0,4.0,0.0,1.0,35.0,4409.0,4443.0,2.31e-14,63.5,1.78427484,1.883861116,1.982193496,1.88,"('KYTFSRY', 25, 31)",1,KYTFSRY,25,31,1,...[FWY]..[WFY]
297,IPTVHTSPQLINTTAKVPVPLLYQQYH,0,4.32066361,7.293330634,8.241489821,7.819834692,7.353663114,28,305,1266,394,48,29,27,6,2070,sp|Q5HYC2|K2026_HUMAN,100.0,16.0,0.0,0.0,1.0,16.0,1976.0,1991.0,0.000214,34.7,1.926234162,1.834272325,1.872729502,1.88,"('PLLYQQY', 19, 25)",1,PLLYQQY,19,25,1,...[FWY]..[WFY]
302,IKENHKNIPLALNYTQWEEIPCLKPAVSCGH,0,5.760217389,6.236059055,7.639786647,7.390150416,8.367167379,11,325,239,102,14,23,31,6,714,sp|Q96K83|ZN521_HUMAN,100.0,14.0,0.0,0.0,1.0,14.0,581.0,594.0,0.001,32.7,1.669592885,1.655666161,2.297278342,1.87,"('ALNYTQW', 10, 16)",1,ALNYTQW,10,16,1,...[FWY]..[WFY]
304,LQHLWTPTSWMPIVSLSKSSTSTASTSPA,0,4.035817772,7.372496942,7.782273579,8.042227113,7.537502295,17,152,812,174,34,20,29,6,1209,sp|Q96JM4|LRIQ1_HUMAN,50.0,24.0,8.0,1.0,1.0,20.0,927.0,950.0,0.16,26.6,1.730367083,1.926713821,1.949738266,1.87,"('PTSWMPI', 6, 12)",1,PTSWMPI,6,12,1,...[FWY]..[LVI]
305,AWGTWGPGAEPEDWGILGREEARTTPGREEARAILD,0,6.141957723,7.135683821,8.118587253,7.933155414,7.274747997,103,3965,4175,1331,191,101,36,6,9866,sp|Q0VD83|APOBR_HUMAN,100.0,36.0,0.0,0.0,1.0,36.0,262.0,297.0,1.77e-18,75.1,1.873813178,1.881376165,1.839672589,1.86,"('PEDWGIL', 10, 16)",1,PEDWGIL,10,16,1,...[FWY]..[LVI]
306,FLAKIFKPLFLQRLQGKESHLDTLNRAQLTQLFLA,0,4.182781625,7.808086126,8.244416182,7.720299018,7.303037041,10,99,646,141,16,10,35,6,922,sp|Q14CZ7|FAKD3_HUMAN,97.143,35.0,1.0,0.0,1.0,35.0,465.0,499.0,2.08e-16,69.3,1.927482327,1.792898493,1.851522644,1.86,"('AKIFKPL', 2, 8)",1,AKIFKPL,2,8,1,...[FWY]..[LVI]
307,QKGFRLVGLKFMQASEDLLKEHYVT,0,5.640887846,7.647621454,7.674720437,7.720299018,7.887999542,10,272,578,95,16,15,25,6,986,sp|P15531|NDKA_HUMAN,100.0,24.0,0.0,0.0,1.0,24.0,30.0,53.0,1.64e-11,53.1,1.68449301,1.792898493,2.096558763,1.86,"('QKGFRLV', 0, 6)",1,QKGFRLV,0,6,1,...[FWY]..[LVI]
308,LASYLHGHEPSNLVFVNFLKRGLFHN,0,4.771103138,7.344482566,7.974280719,8.014212737,7.303037041,26,387,1218,304,51,26,26,6,2012,sp|Q5H9U9|DDX6L_HUMAN,100.0,26.0,0.0,0.0,1.0,26.0,1422.0,1447.0,2.71e-13,59.7,1.812262875,1.915069131,1.851522644,1.86,"('NLVFVNF', 11, 17)",1,NLVFVNF,11,17,1,...[FWY]..[WFY]
312,WTKGPEKSVEVPKESSSLFNMI,0,4.635090002,7.131231856,7.401989533,7.79224886,8.013530424,22,298,889,173,37,36,22,6,1455,sp|P48169|GBRA4_HUMAN,100.0,18.0,0.0,0.0,1.0,18.0,204.0,221.0,3.5e-06,39.3,1.568166538,1.822805767,2.149142647,1.85,"('SSLFNMI', 15, 21)",1,SSLFNMI,15,21,1,...[FWY]..[LVI]
313,DYTSVMHYSKLHSKMVQSRRLSHVSQTLRM,0,5.249748615,7.699732256,8.068510203,8.068699324,7.071711495,27,560,1618,337,55,23,30,6,2620,sp|Q16820|MEP1B_HUMAN,100.0,10.0,0.0,0.0,1.0,10.0,204.0,213.0,0.4,25.8,1.852454079,1.937717482,1.75462222,1.85,"('VMHYSKL', 4, 10)",1,VMHYSKL,4,10,1,...[FWY]..[LVI]
314,SLHLLSPGSHSLFTRAILQSGSFNALGR,0,3.88817714,6.652604861,7.828891368,7.27926631,8.08064462,28,226,812,296,33,48,28,6,1443,sp|P06276|CHLE_HUMAN,100.0,25.0,0.0,0.0,1.0,25.0,233.0,257.0,1.13e-11,55.5,1.750250722,1.609575145,2.177256247,1.85,"('SGSFNAL', 19, 25)",1,SGSFNAL,19,25,1,...[FWY]..[LVI]
317,NKLQNLAHRVITANRLGYWRMF,0,4.933251484,7.116551961,8.100193389,7.93913362,7.199943548,29,483,1160,370,54,27,22,6,2123,sp|P08F94|PKHD1_HUMAN,82.353,17.0,3.0,0.0,1.0,17.0,3684.0,3700.0,0.000706,32.7,1.865967741,1.883861116,1.808337603,1.85,"('LGYWRMF', 15, 21)",1,LGYWRMF,15,21,1,...[FWY]..[WFY]
318,TDGLWDVLSNEEVAEAITQFLPNCDPDDPHRYTLAA,0,5.24551738,6.102052391,7.628426785,7.683773142,7.907108365,25,517,495,230,39,38,36,6,1344,sp|Q9ULR3|PPM1H_HUMAN,100.0,36.0,0.0,0.0,1.0,36.0,436.0,471.0,1.98e-21,83.6,1.664747623,1.777715842,2.104563296,1.85,"('DGLWDVL', 1, 7)",1,DGLWDVL,1,7,1,...[FWY]..[LVI]
319,ICARTFFKITAPLINKRKEYSERRILGYSMQEV,0,4.74042352,7.970262519,8.150819462,8.189068501,6.817610214,14,204,1012,185,31,10,33,6,1456,sp|Q9H8M1|CQ10B_HUMAN,96.97,33.0,1.0,0.0,1.0,33.0,59.0,91.0,5.65e-17,69.3,1.887561012,1.987751142,1.648181224,1.84,"('ARTFFKI', 2, 8)",1,ARTFFKI,2,8,1,...[FWY]..[LVI]
320,TMNEDSNEEEEESENDWEEVEELELSEPVLGDVRESTA,0,5.808816791,8.130701219,8.423320732,8.10997172,6.602597323,52,1589,4201,830,109,32,38,6,6813,sp|Q01831|XPC_HUMAN,94.737,38.0,0.0,1.0,1.0,38.0,117.0,152.0,0.32,26.6,2.00378954,1.954873111,1.558114041,1.84,"('ENDWEEV', 13, 19)",1,ENDWEEV,13,19,1,...[FWY]..[LVI]
322,PVLEGQRLVALKKFWQCWPSISLAGR,0,5.116361199,8.035631966,8.280244261,7.283235212,7.544045141,11,208,832,159,13,13,26,6,1236,sp|O00391|QSOX1_HUMAN,100.0,14.0,0.0,0.0,1.0,14.0,320.0,333.0,0.005,30.8,1.942763888,1.611224892,1.952479012,1.84,"('KKFWQCW', 11, 17)",1,KKFWQCW,11,17,1,...[FWY]..[WFY]
323,AASFHSAVFSLLKANNPWPASTSCCVPTARRPLSL,0,4.362135207,6.98132458,7.960225124,8.003752965,7.142572369,19,213,692,220,37,17,35,6,1198,sp|P58166|INHBE_HUMAN,100.0,35.0,0.0,0.0,1.0,35.0,291.0,325.0,1.39e-17,72.4,1.806267816,1.910721334,1.784305275,1.83,"('SAVFSLL', 5, 11)",1,SAVFSLL,5,11,1,...[FWY]..[LVI]
324,TAVALAYGIYKQDLPPLDEKPRNVVFIV,0,4.91097701,7.800248415,8.309435973,8.005701237,6.788463868,20,328,1285,295,39,14,28,6,1981,sp|O95757|HS74L_HUMAN,100.0,27.0,0.0,0.0,1.0,27.0,175.0,201.0,1.85e-13,60.5,1.955214875,1.911531169,1.635972052,1.83,"('ALAYGIY', 3, 9)",1,ALAYGIY,3,9,1,...[FWY]..[WFY]
333,LSAGGPLANPEVDTREWVVLGKGLSRSALFRSRVR,0,5.240908127,7.232613147,8.190092666,8.016692021,6.827699032,57,1175,2471,774,112,41,35,6,4630,sp|Q9BSE4|HERP2_HUMAN,36.364,33.0,21.0,0.0,2.0,34.0,261.0,293.0,1.8,24.3,1.904312005,1.916099691,1.652407349,1.82,"('TREWVVL', 13, 19)",1,TREWVVL,13,19,1,...[FWY]..[LVI]
338,SGAIVDLISRQYDKFLTHFI,0,3.657761665,7.210112137,8.063707504,7.720299018,7.182742808,25,172,1067,311,40,23,20,6,1638,sp|Q7Z6M2|FBX33_HUMAN,100.0,20.0,0.0,0.0,1.0,20.0,407.0,426.0,1.57e-08,45.8,1.850405609,1.792898493,1.80113235,1.81,"('SRQYDKF', 8, 14)",1,SRQYDKF,8,14,1,...[FWY]..[WFY]
339,VNLPRFWESHACLACDHVKRHQEYKLLVI,0,4.49202446,7.274673516,7.781997174,8.017979567,7.151033948,30,368,1339,307,59,27,29,6,2130,sp|Q9Y231|FUT9_HUMAN,100.0,25.0,0.0,0.0,1.0,25.0,324.0,348.0,1.26e-13,60.8,1.73024919,1.916634883,1.787849762,1.81,"('HQEYKLL', 20, 26)",1,HQEYKLL,20,26,1,...[FWY]..[LVI]
343,LLIRGWNACPEVVRNFLKLS,0,5.273902476,7.723209533,8.086302378,7.975112917,6.843605423,11,232,670,139,21,8,20,6,1081,sp|Q59H18|TNI3K_HUMAN,100.0,11.0,0.0,0.0,1.0,11.0,697.0,707.0,0.002,31.2,1.860042881,1.898816572,1.659070409,1.81,"('VRNFLKL', 12, 18)",1,VRNFLKL,12,18,1,...[FWY]..[LVI]
344,LNRYAVEGRDLTLQYNIYNVGSSAALDVGTV,0,5.900888192,7.298855095,7.670064075,7.617341828,7.665607121,49,1596,2224,464,73,63,31,6,4469,sp|P43308|SSRB_HUMAN,100.0,28.0,0.0,0.0,1.0,28.0,30.0,57.0,1.32e-13,59.7,1.682506956,1.750102445,2.003400354,1.81,"('TLQYNIY', 11, 17)",1,TLQYNIY,11,17,1,...[FWY]..[WFY]
346,ALSWNHFILSSGSRLGRVYHHDVG,0,3.8753531,6.903148323,7.994477433,7.935311909,6.955113738,14,112,483,166,26,11,24,6,812,sp|Q86Y33|CD20B_HUMAN,100.0,23.0,0.0,0.0,1.0,23.0,320.0,342.0,8.65e-11,52.8,1.820877273,1.882272552,1.705780351,1.8,"('ALSWNHF', 0, 6)",1,ALSWNHF,0,6,1,...[FWY]..[WFY]
352,KASPPFPLISNAQALAQEVQTF,0,5.123280613,7.631402549,7.759776207,7.341787395,7.690060164,13,247,743,131,16,17,22,6,1167,sp|Q8N3R9|PALS1_HUMAN,95.238,21.0,1.0,0.0,1.0,21.0,175.0,195.0,6.92e-07,41.6,1.720771398,1.635563182,2.013643539,1.79,"('SPPFPLI', 2, 8)",1,SPPFPLI,2,8,1,...[FWY]..[LVI]
353,EYEEENEEEDAEKWNEMDFEIIETNDTMRHSIIETS,0,5.566049544,8.600367738,8.95035488,8.024079766,5.788463868,40,1033,4475,920,79,14,36,6,6561,sp|Q5TF39|MFS4B_HUMAN,97.222,36.0,1.0,0.0,1.0,36.0,436.0,471.0,9.97e-21,81.6,2.228582631,1.919170543,1.21708004,1.79,"('EMDFEII', 15, 21)",1,EMDFEII,15,21,1,...[FWY]..[LVI]
354,INGTEWTRQLVMKKMVPTCMLQRFHKFLV,0,5.634686507,7.908366032,7.97111344,7.916696231,6.887999542,12,325,831,140,22,9,29,6,1339,sp|Q14653|IRF3_HUMAN,66.667,15.0,5.0,0.0,6.0,20.0,358.0,372.0,0.011,30.0,1.810911952,1.874534603,1.677666751,1.79,"('LQRFHKF', 20, 26)",1,LQRFHKF,20,26,1,...[FWY]..[WFY]
355,HLESLTLTGTKISSIPNNLCQEQKMLRTLDLSYNNV,0,6.301617855,7.619900696,7.925043792,7.720299018,7.151033948,10,430,567,113,16,9,36,6,1145,sp|Q9BXB1|LGR4_HUMAN,97.222,36.0,1.0,0.0,1.0,36.0,320.0,355.0,2.42e-18,74.7,1.791262108,1.792898493,1.787849762,1.79,"('DLSYNNV', 29, 35)",1,DLSYNNV,29,35,1,...[FWY]..[LVI]
356,LMPILVEKFPFVRKSERTGMLRS,0,5.108013857,6.626790544,7.502081051,8.102768655,7.218148144,35,658,997,295,73,33,23,6,2091,sp|Q9NYV6|RRN3_HUMAN,100.0,18.0,0.0,0.0,1.0,18.0,204.0,221.0,2.48e-06,40.0,1.610858044,1.951879025,1.815963363,1.79,"('VEKFPFV', 5, 11)",1,VEKFPFV,5,11,1,...[FWY]..[LVI]
357,MTEYKLVVVGAGGVGKSALRFS,0,3.782243695,7.252232749,8.077046885,7.959764953,6.718074541,18,135,791,226,34,12,22,6,1216,sp|P62834|RAP1A_HUMAN,84.211,19.0,3.0,0.0,1.0,19.0,1.0,19.0,3.79e-05,36.6,1.856095185,1.892436909,1.606486525,1.79,"('MTEYKLV', 0, 6)",1,MTEYKLV,0,6,1,...[FWY]..[LVI]
362,PNAGKSSLLRAISNARPAVASYPFTTLKPHVGIVH,0,4.473612423,7.181204919,7.623190137,7.779192707,7.303037041,18,218,753,165,30,18,35,6,1202,sp|Q9H4K7|MTG2_HUMAN,100.0,35.0,0.0,0.0,1.0,35.0,233.0,267.0,6.22e-18,73.6,1.662514063,1.817378737,1.851522644,1.78,"('SYPFTTL', 20, 26)",1,SYPFTTL,20,26,1,...[FWY]..[LVI]
363,GMRALSLAKNNSLMPMSKAPFKSY,0,4.404606168,6.539763392,7.443094736,7.904723589,7.303037041,11,127,295,89,20,11,24,6,553,sp|Q9H0C1|ZMY12_HUMAN,76.923,13.0,3.0,0.0,1.0,13.0,330.0,342.0,2.6,23.1,1.585698923,1.869557955,1.851522644,1.77,"('KAPFKSY', 17, 23)",1,KAPFKSY,17,23,1,...[FWY]..[WFY]
368,IQGSLQDIFKFARTSPSHVKSVPLWYLRF,0,3.318296596,7.167488926,7.748721019,7.468491868,7.432320058,32,174,1326,320,43,35,29,6,1930,sp|P55290|CAD13_HUMAN,100.0,16.0,0.0,0.0,1.0,16.0,117.0,132.0,1.56e-05,38.1,1.716056087,1.688230224,1.905678267,1.77,"('PLWYLRF', 22, 28)",1,PLWYLRF,22,28,1,...[FWY]..[WFY]
371,LTGLLTLGVNGHGQQNFHLY,0,4.075492714,7.209661365,8.121938342,8.173471646,6.370151237,21,193,896,272,46,11,20,6,1439,sp|Q53ET0|CRTC2_HUMAN,63.636,11.0,4.0,0.0,8.0,18.0,538.0,548.0,2.6,22.7,1.875242501,1.981268022,1.460744232,1.77,"('QQNFHLY', 13, 19)",1,QQNFHLY,13,19,1,...[FWY]..[WFY]
375,AVQYFWDRGHRDIMSFASVALQ,0,4.857205753,7.36143902,7.819110347,7.042227113,7.681548665,10,158,474,105,10,13,22,6,770,sp|O15037|KHNYN_HUMAN,87.5,16.0,2.0,0.0,1.0,16.0,465.0,480.0,2.27e-05,37.0,1.746078875,1.511045447,2.010078139,1.76,"('IMSFASV', 12, 18)",1,IMSFASV,12,18,1,...[FWY]..[LVI]
376,IPSESKGFRAALSSNPSFWQIHSLVSQLKPH,0,4.50955912,7.318185822,7.875253425,7.980826568,6.718074541,12,149,552,131,23,8,31,6,875,sp|A8MWY0|ELAP2_HUMAN,100.0,14.0,0.0,0.0,1.0,14.0,763.0,776.0,0.006,30.8,1.770025286,1.901191556,1.606486525,1.76,"('NPSFWQI', 14, 20)",1,NPSFWQI,14,20,1,...[FWY]..[LVI]
377,MSNPFAHLAEPLDPVQPGKKFLI,0,4.298564531,7.230010011,7.434966855,7.940347499,7.235922845,22,236,952,177,41,21,23,6,1449,sp|P21399|ACOC_HUMAN,95.455,22.0,1.0,0.0,1.0,22.0,1.0,22.0,2.71e-09,48.1,1.582232181,1.884365687,1.823409043,1.76,"('SNPFAHL', 1, 7)",1,SNPFAHL,1,7,1,...[FWY]..[LVI]
378,KALGPLLAGTGVRPPNMSLDYDFLRNGASRNAA,0,4.682708022,7.808897997,8.086302378,7.48968609,7.013530424,11,154,711,139,15,9,33,6,1039,sp|Q14831|GRM7_HUMAN,66.667,12.0,4.0,0.0,11.0,22.0,722.0,733.0,1.7,24.3,1.860042881,1.697039992,1.730250635,1.76,"('SLDYDFL', 17, 23)",1,SLDYDFL,17,23,1,...[FWY]..[LVI]
383,ILKSDAAKPLLGHDAVIQALAQKVFMSLTRKNW,0,5.315367265,7.358212716,8.067250537,8.24016649,6.2155742,17,369,804,212,39,8,33,6,1449,sp|Q08AD1|CAMP2_HUMAN,100.0,23.0,0.0,0.0,1.0,23.0,88.0,110.0,4.55e-09,48.1,1.8519168,2.00899096,1.395993146,1.75,"('QKVFMSL', 21, 27)",1,QKVFMSL,21,27,1,...[FWY]..[LVI]
392,FYNHKTSVFTPAYGSVTNVRINSTMTTPQV,0,4.305340941,6.82437121,7.18760526,7.679657033,7.525429463,18,194,588,122,28,21,30,6,971,sp|P50749|RASF2_HUMAN,100.0,30.0,0.0,0.0,1.0,30.0,175.0,204.0,2.73e-15,65.5,1.476726346,1.776004905,1.944681053,1.73,"('TPAYGSV', 9, 15)",1,TPAYGSV,9,15,1,...[FWY]..[LVI]
394,LSGPVTRLALSTSSRPLSALGLRFLSFK,0,4.682708022,6.887381007,7.878004036,7.501658732,7.003476759,16,224,546,175,22,13,28,6,996,sp|Q6UWV6|ENPP7_HUMAN,57.895,19.0,8.0,0.0,4.0,22.0,429.0,447.0,2.6,23.5,1.771198489,1.702016641,1.726039235,1.73,"('GLRFLSF', 20, 26)",1,GLRFLSF,20,26,1,...[FWY]..[WFY]
401,EQLFYRIAHLNPVSSICCGWPPSPLPAGATAARR,0,4.527429796,7.50099654,7.717470085,7.627189614,6.955113738,14,176,731,137,21,11,34,6,1090,sp|Q8TD84|DSCL1_HUMAN,100.0,11.0,0.0,0.0,1.0,11.0,1246.0,1256.0,0.042,28.5,1.702726791,1.754195858,1.705780351,1.72,"('EQLFYRI', 0, 6)",1,EQLFYRI,0,6,1,...[FWY]..[LVI]
404,SEDGPGDGFTILSSKSLVLGQKLSLTDISHIGST,0,5.68041621,7.311199392,8.097331156,7.817160557,6.396146446,45,1258,2060,573,77,24,34,6,4037,sp|Q9P0M6|H2AW_HUMAN,94.286,35.0,0.0,1.0,1.0,33.0,175.0,209.0,5.74e-14,62.0,1.864746928,1.833160772,1.471633418,1.72,"('GDGFTIL', 5, 11)",1,GDGFTIL,5,11,1,...[FWY]..[LVI]
405,SPVVERLGFDENFVDLTEMVEKRLQQLQSDELSAVT,0,5.900157898,7.308850196,7.897708743,7.459244976,6.934793753,182,5925,8318,2018,243,141,36,6,16827,sp|Q9UNA4|POLI_HUMAN,100.0,36.0,0.0,0.0,1.0,36.0,142.0,177.0,4.32e-18,73.9,1.779603034,1.684386584,1.697268472,1.72,"('DENFVDL', 9, 15)",1,DENFVDL,9,15,1,...[FWY]..[LVI]
407,EVRFTNVPERTQIDVGRILYSV,0,4.66543003,7.100432296,7.199382428,7.627189614,7.381039553,18,249,712,123,27,19,22,6,1148,sp|Q9H3R0|KDM4C_HUMAN,100.0,18.0,0.0,0.0,1.0,18.0,784.0,801.0,3.59e-07,42.4,1.481749599,1.754195858,1.884197273,1.71,"('EVRFTNV', 0, 6)",1,EVRFTNV,0,6,1,...[FWY]..[LVI]
409,GFWTGLGTGGILGYLFGSNRAATPFSDSWYYPSYPP,0,4.26468048,7.155232429,7.596717925,7.219104875,7.423331275,23,241,945,207,26,25,36,6,1467,sp|Q96BY9|SARAF_HUMAN,100.0,36.0,0.0,0.0,1.0,36.0,262.0,297.0,6.96e-19,75.9,1.65122301,1.584567939,1.901912937,1.71,"('SWYYPSY', 27, 33)",1,SWYYPSY,27,33,1,...[FWY]..[WFY]
410,GKALSVPPTLFVTNVFTLVNVHMSAVNVGRPTA,0,4.919747219,7.696697445,7.628426785,8.305261519,6.303037041,10,165,598,92,24,5,33,6,894,sp|Q8N8C0|ZN781_HUMAN,66.667,15.0,5.0,0.0,16.0,30.0,222.0,236.0,5.1,22.7,1.664747623,2.036048904,1.432630632,1.71,"('TNVFTLV', 12, 18)",1,TNVFTLV,12,18,1,...[FWY]..[LVI]
411,HAHSQSAEAERPANTSPWQYLAL,0,5.012249301,7.504282114,8.055609714,7.810901567,6.355504461,27,475,1413,334,46,14,23,6,2309,sp|P55268|LAMB2_HUMAN,93.75,16.0,1.0,0.0,1.0,16.0,1335.0,1350.0,0.004,30.8,1.846951701,1.830559107,1.454608815,1.71,"('TSPWQYL', 14, 20)",1,TSPWQYL,14,20,1,...[FWY]..[LVI]
415,MARVPLTFSDVAIASLRRSGNI,0,4.497790306,6.555124975,7.338736747,7.601654521,7.303037041,19,234,515,143,28,19,22,6,958,sp|Q494X3|ZN404_HUMAN,100.0,13.0,0.0,0.0,1.0,13.0,1.0,13.0,0.005,30.4,1.541187661,1.743581728,1.851522644,1.71,"('PLTFSDV', 4, 10)",1,PLTFSDV,4,10,1,...[FWY]..[LVI]
420,HLAAGYNNLEVAEYLLEHGADVNAQTRVV,0,4.039739918,7.065925888,7.296732383,7.828102308,7.030018547,29,260,1120,212,50,24,29,6,1695,sp|O95271|TNKS1_HUMAN,92.593,27.0,2.0,0.0,1.0,27.0,842.0,868.0,3.13e-11,54.3,1.523271761,1.837708911,1.737157377,1.7,"('AAGYNNL', 2, 8)",1,AAGYNNL,2,8,1,...[FWY]..[LVI]
422,ASQGSDDDWDDEWDDSSTVADEPGALGSGAYPDLDG,0,6.09313774,7.077381364,7.625062551,7.758434147,6.743609633,28,1042,1090,257,46,19,36,6,2482,sp|Q96RF0|SNX18_HUMAN,100.0,36.0,0.0,0.0,1.0,36.0,146.0,181.0,1.45e-17,72.4,1.663312694,1.80875006,1.617182971,1.7,"('SGAYPDL', 27, 33)",1,SGAYPDL,27,33,1,...[FWY]..[LVI]
425,MSQAVQQRYSTIKQNMGTQFI,0,3.409331672,7.021036059,7.790197655,7.932998043,6.418514259,48,278,1797,494,89,26,21,6,2732,,,,,,,,,,,,1.733746898,1.881310751,1.481003116,1.7,"('QQRYSTI', 5, 11)",1,QQRYSTI,5,11,1,...[FWY]..[LVI]
426,RVVNGAFMVLKGHRSIVNQARFNPHTYMICSLV,0,5.037973301,6.692744252,7.307211308,7.830723008,7.013530424,11,197,328,81,19,9,33,6,645,sp|Q96JK2|DCAF5_HUMAN,96.774,31.0,1.0,0.0,1.0,31.0,320.0,350.0,4.73e-17,70.9,1.527741282,1.838798253,1.730250635,1.7,"('NGAFMVL', 3, 9)",1,NGAFMVL,3,9,1,...[FWY]..[LVI]
