Residue,proteome,input_library,ilir_bg,nonbinders_undef_pos
M,0.021290899315962657,0.02232476080613422,0.02132438371877552,0.014421385860007034
D,0.04732087631084148,0.04385900868361703,0.04737264484290967,0.030503771446437643
A,0.07007688965239628,0.06250606627768047,0.07013252855851457,0.03722593504514011
S,0.08353972177687366,0.08343103798270034,0.08328850423348756,0.05188181498417165
P,0.06319212941584258,0.05600845657003283,0.06315319257172128,0.036229335209285965
W,0.012127121359375572,0.013595047226061216,0.012147453037774814,0.041661781373353655
N,0.03579498644061784,0.040196480113059666,0.03589313658554801,0.029096806972290615
T,0.05376072000288689,0.05220391626002922,0.05351070860627121,0.03341540626099191
V,0.059532140370995044,0.06193572880796892,0.05963890820620893,0.07316215265564545
L,0.09961386102019923,0.10440325149620534,0.09963465604719016,0.1290889905029898
I,0.0433198603073891,0.052602751649240165,0.04337783480203681,0.06585375385938172
F,0.036473457958313624,0.04413014803292267,0.03649449826285036,0.14440927033259077
G,0.06571343966885347,0.05856466788006536,0.06574165474159767,0.03802712314847383
Y,0.026598704761611847,0.030503033639889723,0.026631039422129122,0.09649431351858366
R,0.05636538657629467,0.05558070346774916,0.05636127568998062,0.04699652167116113
C,0.02299830587453231,0.026354630226912427,0.023007985040291584,0.014929456364560128
Q,0.04766732055651615,0.043789434383848,0.04769437510172419,0.02491499589635362
K,0.057271384150922824,0.05883609354336183,0.05732637839353644,0.03826161722749834
E,0.0710947279923368,0.062291617098557,0.07103976737484315,0.03599484113026146
H,0.026248066487237962,0.026883165853964403,0.026225904138650682,0.01743072654082151
