_Unnamed: 0,_ID,_ER 0,_ER 1,_ER 3,_ER 4,_ER 5,_ER 6,_Cluster Id,_Input Count,_1 Count,_3 Count,_4 Count,_5 Count,_6 Count,_Length,_Max Sort,_Count sum,_Hit_y,_% Identity,_Query length_y,_Positions not strictly conserved,_Gaps,_Query start,_Query End,_Hit Start,_Hit End,_E-value,_Score (Bits),_z_score_4,_z_score_5,_z_score_6,avg_z_score,_regex_matches,_num_regex_matches,7mer,_motif_start,_motif_end,true label,lir_type
810153,PLRQIPENSTSSQADDEWCYVLI,0,5.148098227,10.13143692,11.83832719,12.6298295,12.70513548,810989,91,1759,29422,15493,4376,3848,20,6,54989,sp|O15062|ZBTB5_HUMAN,100.0,10.0,0.0,0.0,1.0,10.0,552.0,561.0,1.4,23.5,3.460374209,3.833635042,4.11441853,3.8,"('DDEWCYV', 14, 20)",2,DDEWCYV,14,20,1,...[FWY]..[LVI]
810153,PLRQIPENSTSSQADDEWCYVLI,0,5.148098227,10.13143692,11.83832719,12.6298295,12.70513548,810989,91,1759,29422,15493,4376,3848,20,6,54989,sp|O15062|ZBTB5_HUMAN,100.0,10.0,0.0,0.0,1.0,10.0,552.0,561.0,1.4,23.5,3.460374209,3.833635042,4.11441853,3.8,"('EWCYVLI', 16, 22)",2,EWCYVLI,16,22,1,...[FWY]..[LVI]
396328,PLRIWYWSDEFGSWQEYGRQGTVTL,0,5.208992177,9.572567064,11.56964421,12.33433955,12.64350109,396696,319,6432,70014,45082,12499,12925,22,6,147271,sp|Q9H0J9|PAR12_HUMAN,100.0,20.0,0.0,0.0,1.0,20.0,378.0,397.0,2.58e-10,51.2,3.345774276,3.710809219,4.088600373,3.72,"('SDEFGSW', 7, 13)",2,SDEFGSW,7,13,1,...[FWY]..[WFY]
273333,PLREDWDMLDVDEDEKLTGEEEFELLLVRLV,0,4.290390599,10.29745567,11.86211592,12.40854933,12.249456,273570,12,128,4353,2077,495,370,28,6,7435,sp|Q15751|HERC1_HUMAN,100.0,23.0,0.0,0.0,1.0,23.0,3075.0,3097.0,4.13e-11,53.5,3.470520691,3.741655875,3.923538034,3.71,"('REDWDML', 2, 8)",2,REDWDML,2,8,1,...[FWY]..[LVI]
273333,PLREDWDMLDVDEDEKLTGEEEFELLLVRLV,0,4.290390599,10.29745567,11.86211592,12.40854933,12.249456,273570,12,128,4353,2077,495,370,28,6,7435,sp|Q15751|HERC1_HUMAN,100.0,23.0,0.0,0.0,1.0,23.0,3075.0,3097.0,4.13e-11,53.5,3.470520691,3.741655875,3.923538034,3.71,"('EEEFELL', 19, 25)",2,EEEFELL,19,25,1,...[FWY]..[LVI]
628125,PLRLINILLPGSLEPVRPFSNWEVLDS,0,5.098201421,9.548299156,11.53850566,11.99580552,12.52211987,628725,226,4220,48775,31257,7003,8418,24,6,99899,sp|Q02040|AK17A_HUMAN,40.909,22.0,13.0,0.0,2.0,23.0,32.0,53.0,0.33,25.4,3.332492914,3.570091329,4.037754752,3.65,"('VRPFSNW', 15, 21)",2,VRPFSNW,15,21,1,...[FWY]..[WFY]
628125,PLRLINILLPGSLEPVRPFSNWEVLDS,0,5.098201421,9.548299156,11.53850566,11.99580552,12.52211987,628725,226,4220,48775,31257,7003,8418,24,6,99899,sp|Q02040|AK17A_HUMAN,40.909,22.0,13.0,0.0,2.0,23.0,32.0,53.0,0.33,25.4,3.332492914,3.570091329,4.037754752,3.65,"('FSNWEVL', 18, 24)",2,FSNWEVL,18,24,1,...[FWY]..[LVI]
229428,PLRDIDNFDIDDFDDDDDWEDIMHNLAASKSSTAAYQPI,0,5.401555763,9.671733782,11.4263295,12.07593305,12.37643282,229616,973,22420,228749,124504,31872,32761,36,6,441279,sp|P54132|BLM_HUMAN,100.0,36.0,0.0,0.0,1.0,36.0,552.0,587.0,1.37e-18,75.5,3.284647008,3.603397808,3.97672761,3.62,"('DDDWEDI', 15, 21)",2,DDDWEDI,15,21,1,...[FWY]..[LVI]
229428,PLRDIDNFDIDDFDDDDDWEDIMHNLAASKSSTAAYQPI,0,5.401555763,9.671733782,11.4263295,12.07593305,12.37643282,229616,973,22420,228749,124504,31872,32761,36,6,441279,sp|P54132|BLM_HUMAN,100.0,36.0,0.0,0.0,1.0,36.0,552.0,587.0,1.37e-18,75.5,3.284647008,3.603397808,3.97672761,3.62,"('TAAYQPI', 32, 38)",2,TAAYQPI,32,38,1,...[FWY]..[LVI]
306569,PLRKLEVPTGPEVQTPKPSDADWDDLWTSLMGGGI,0,6.51920929,9.64886892,11.25334141,11.69184257,11.54335137,306838,20,1000,4628,2270,502,378,32,6,8798,sp|Q96FL9|GLT14_HUMAN,100.0,24.0,0.0,0.0,1.0,24.0,30.0,53.0,2.65e-12,57.4,3.210863313,3.443743543,3.627756445,3.43,"('DADWDDL', 19, 25)",2,DADWDDL,19,25,1,...[FWY]..[LVI]
306569,PLRKLEVPTGPEVQTPKPSDADWDDLWTSLMGGGI,0,6.51920929,9.64886892,11.25334141,11.69184257,11.54335137,306838,20,1000,4628,2270,502,378,32,6,8798,sp|Q96FL9|GLT14_HUMAN,100.0,24.0,0.0,0.0,1.0,24.0,30.0,53.0,2.65e-12,57.4,3.210863313,3.443743543,3.627756445,3.43,"('DDLWTSL', 23, 29)",2,DDLWTSL,23,29,1,...[FWY]..[LVI]
440828,PLRGMKYIETSARDAINVEKAFTDLTRDIYELVKRGENY,0,4.934246789,9.532716126,11.32967046,11.65693696,11.4115615,441227,12,200,2562,1436,294,207,36,6,4711,sp|Q96DA2|RB39B_HUMAN,100.0,34.0,0.0,0.0,1.0,34.0,146.0,179.0,4.51e-17,69.3,3.243419538,3.429234383,3.57255072,3.42,"('EKAFTDL', 18, 24)",2,EKAFTDL,18,24,1,...[FWY]..[LVI]
440828,PLRGMKYIETSARDAINVEKAFTDLTRDIYELVKRGENY,0,4.934246789,9.532716126,11.32967046,11.65693696,11.4115615,441227,12,200,2562,1436,294,207,36,6,4711,sp|Q96DA2|RB39B_HUMAN,100.0,34.0,0.0,0.0,1.0,34.0,146.0,179.0,4.51e-17,69.3,3.243419538,3.429234383,3.57255072,3.42,"('RDIYELV', 26, 32)",2,RDIYELV,26,32,1,...[FWY]..[LVI]
769272,PLRPYDSYNPSVLRGPLLGHTDAVWGLL,0,4.922658815,9.3366239,10.90899585,11.38800195,11.89599233,770071,30,496,5591,2682,610,724,25,6,10133,sp|O43815|STRN_HUMAN,95.833,24.0,1.0,0.0,1.0,24.0,552.0,575.0,1.48e-12,57.8,3.06399142,3.317446606,3.775474927,3.39,"('LRPYDSY', 1, 7)",2,LRPYDSY,1,7,1,...[FWY]..[WFY]
769272,PLRPYDSYNPSVLRGPLLGHTDAVWGLL,0,4.922658815,9.3366239,10.90899585,11.38800195,11.89599233,770071,30,496,5591,2682,610,724,25,6,10133,sp|O43815|STRN_HUMAN,95.833,24.0,1.0,0.0,1.0,24.0,552.0,575.0,1.48e-12,57.8,3.06399142,3.317446606,3.775474927,3.39,"('DAVWGLL', 21, 27)",2,DAVWGLL,21,27,1,...[FWY]..[LVI]
238049,PLRYLGQLEHEDIDTSADAVEDLTEAEWEDLTQQYYSLV,0,5.857058472,9.44937537,11.14778183,11.56173655,11.27068167,238248,124,3918,24988,13081,2844,1940,36,6,46895,sp|A6PVC2|TTLL8_HUMAN,100.0,36.0,0.0,0.0,1.0,36.0,277.0,312.0,2.88e-20,80.1,3.165839542,3.389662586,3.513537284,3.36,"('EAEWEDL', 24, 30)",3,EAEWEDL,24,30,1,...[FWY]..[LVI]
238049,PLRYLGQLEHEDIDTSADAVEDLTEAEWEDLTQQYYSLV,0,5.857058472,9.44937537,11.14778183,11.56173655,11.27068167,238248,124,3918,24988,13081,2844,1940,36,6,46895,sp|A6PVC2|TTLL8_HUMAN,100.0,36.0,0.0,0.0,1.0,36.0,277.0,312.0,2.88e-20,80.1,3.165839542,3.389662586,3.513537284,3.36,"('TQQYYSL', 31, 37)",3,TQQYYSL,31,37,1,...[FWY]..[LVI]
238049,PLRYLGQLEHEDIDTSADAVEDLTEAEWEDLTQQYYSLV,0,5.857058472,9.44937537,11.14778183,11.56173655,11.27068167,238248,124,3918,24988,13081,2844,1940,36,6,46895,sp|A6PVC2|TTLL8_HUMAN,100.0,36.0,0.0,0.0,1.0,36.0,277.0,312.0,2.88e-20,80.1,3.165839542,3.389662586,3.513537284,3.36,"('QQYYSLV', 32, 38)",3,QQYYSLV,32,38,1,...[FWY]..[LVI]
941289,PLRVNVVSVDTARTLFNQVMEKEFEDGIINWVVL,0,6.530704928,9.751145229,11.218607,11.21748556,10.98860348,942289,15,756,3726,1662,271,193,31,6,6623,sp|Q16548|B2LA1_HUMAN,100.0,28.0,0.0,0.0,1.0,28.0,59.0,86.0,1.15e-13,59.7,3.196048226,3.246568335,3.395376986,3.28,"('RTLFNQV', 12, 18)",2,RTLFNQV,12,18,1,...[FWY]..[LVI]
941289,PLRVNVVSVDTARTLFNQVMEKEFEDGIINWVVL,0,6.530704928,9.751145229,11.218607,11.21748556,10.98860348,942289,15,756,3726,1662,271,193,31,6,6623,sp|Q16548|B2LA1_HUMAN,100.0,28.0,0.0,0.0,1.0,28.0,59.0,86.0,1.15e-13,59.7,3.196048226,3.246568335,3.395376986,3.28,"('IINWVVL', 27, 33)",2,IINWVVL,27,33,1,...[FWY]..[LVI]
306544,PLRVLESSQENEDDHFWELLSTTTKQ,0,5.892887759,9.230339416,11.01436664,11.21563268,11.15451452,306813,23,745,3982,2212,415,332,23,6,7709,sp|Q8NDW4|ZN248_HUMAN,100.0,17.0,0.0,0.0,1.0,17.0,88.0,104.0,3.37e-06,39.7,3.108934666,3.245798153,3.464875793,3.27,"('DDHFWEL', 12, 18)",2,DDHFWEL,12,18,1,...[FWY]..[LVI]
306544,PLRVLESSQENEDDHFWELLSTTTKQ,0,5.892887759,9.230339416,11.01436664,11.21563268,11.15451452,306813,23,745,3982,2212,415,332,23,6,7709,sp|Q8NDW4|ZN248_HUMAN,100.0,17.0,0.0,0.0,1.0,17.0,88.0,104.0,3.37e-06,39.7,3.108934666,3.245798153,3.464875793,3.27,"('DHFWELL', 13, 19)",2,DHFWELL,13,19,1,...[FWY]..[LVI]
125355,PLRLDGTAVENIETFQTEDHTFDEYTEELDCWVVWE,0,5.473139641,9.478453971,10.95035488,11.21786577,11.1419408,125451,42,1017,8636,3864,759,601,33,6,14919,sp|Q6ZR08|DYH12_HUMAN,100.0,24.0,0.0,0.0,1.0,24.0,422.0,445.0,7.58e-11,53.1,3.081632069,3.246726375,3.459608763,3.26,"('DHTFDEY', 18, 24)",2,DHTFDEY,18,24,1,...[FWY]..[WFY]
484621,PLRPLEQVADDSLYEFLDFVDATDRYRSL,0,5.602184317,9.278761997,10.77445858,11.30526152,11.10212435,485046,25,662,4476,2036,480,348,26,6,8027,sp|Q8IWD5|MFS6L_HUMAN,100.0,26.0,0.0,0.0,1.0,26.0,262.0,287.0,3.39e-13,59.7,3.006607949,3.283054026,3.442929969,3.24,"('DSLYEFL', 10, 16)",3,DSLYEFL,10,16,1,...[FWY]..[LVI]
484621,PLRPLEQVADDSLYEFLDFVDATDRYRSL,0,5.602184317,9.278761997,10.77445858,11.30526152,11.10212435,485046,25,662,4476,2036,480,348,26,6,8027,sp|Q8IWD5|MFS6L_HUMAN,100.0,26.0,0.0,0.0,1.0,26.0,262.0,287.0,3.39e-13,59.7,3.006607949,3.283054026,3.442929969,3.24,"('LYEFLDF', 12, 18)",3,LYEFLDF,12,18,1,...[FWY]..[WFY]
484621,PLRPLEQVADDSLYEFLDFVDATDRYRSL,0,5.602184317,9.278761997,10.77445858,11.30526152,11.10212435,485046,25,662,4476,2036,480,348,26,6,8027,sp|Q8IWD5|MFS6L_HUMAN,100.0,26.0,0.0,0.0,1.0,26.0,262.0,287.0,3.39e-13,59.7,3.006607949,3.283054026,3.442929969,3.24,"('TDRYRSL', 22, 28)",3,TDRYRSL,22,28,1,...[FWY]..[LVI]
551837,PLRPRDYSGENPSKCEDCGPLQASLESGYPFIIISE,0,6.024132292,9.182025799,10.62506255,10.86907821,11.23264771,552345,21,745,3516,1542,298,320,33,6,6442,sp|Q12901|ZN155_HUMAN,100.0,16.0,0.0,0.0,1.0,16.0,503.0,518.0,1.59e-06,41.2,2.942886849,3.101746419,3.497605165,3.18,"('ESGYPFI', 25, 31)",2,ESGYPFI,25,31,1,...[FWY]..[LVI]
551837,PLRPRDYSGENPSKCEDCGPLQASLESGYPFIIISE,0,6.024132292,9.182025799,10.62506255,10.86907821,11.23264771,552345,21,745,3516,1542,298,320,33,6,6442,sp|Q12901|ZN155_HUMAN,100.0,16.0,0.0,0.0,1.0,16.0,503.0,518.0,1.59e-06,41.2,2.942886849,3.101746419,3.497605165,3.18,"('GYPFIII', 27, 33)",2,GYPFIII,27,33,1,...[FWY]..[LVI]
698171,PLRMEDLEETLFEEFETIPMTWTLLSGV,0,5.98936936,9.778517531,10.97733721,10.74266683,10.61735195,698884,19,658,4810,1781,247,189,25,6,7704,sp|P78509|RELN_HUMAN,45.833,24.0,13.0,0.0,2.0,25.0,414.0,437.0,0.054,27.7,3.0931407,3.049201207,3.239862685,3.13,"('ETLFEEF', 8, 14)",3,ETLFEEF,8,14,1,...[FWY]..[WFY]
698171,PLRMEDLEETLFEEFETIPMTWTLLSGV,0,5.98936936,9.778517531,10.97733721,10.74266683,10.61735195,698884,19,658,4810,1781,247,189,25,6,7704,sp|P78509|RELN_HUMAN,45.833,24.0,13.0,0.0,2.0,25.0,414.0,437.0,0.054,27.7,3.0931407,3.049201207,3.239862685,3.13,"('FEEFETI', 11, 17)",3,FEEFETI,11,17,1,...[FWY]..[LVI]
698171,PLRMEDLEETLFEEFETIPMTWTLLSGV,0,5.98936936,9.778517531,10.97733721,10.74266683,10.61735195,698884,19,658,4810,1781,247,189,25,6,7704,sp|P78509|RELN_HUMAN,45.833,24.0,13.0,0.0,2.0,25.0,414.0,437.0,0.054,27.7,3.0931407,3.049201207,3.239862685,3.13,"('PMTWTLL', 18, 24)",3,PMTWTLL,18,24,1,...[FWY]..[LVI]
553206,PLRMDWGTELWDQFEVLERHTQWGLDLLDRM,0,4.991560241,8.82555231,10.46957548,10.91427821,10.80932896,553718,190,3295,24847,12526,2782,2159,28,6,45799,sp|Q15642|CIP4_HUMAN,100.0,27.0,0.0,0.0,1.0,27.0,1.0,27.0,1.79e-15,66.2,2.87656777,3.120534629,3.320280321,3.11,"('TELWDQF', 7, 13)",2,TELWDQF,7,13,1,...[FWY]..[WFY]
553206,PLRMDWGTELWDQFEVLERHTQWGLDLLDRM,0,4.991560241,8.82555231,10.46957548,10.91427821,10.80932896,553718,190,3295,24847,12526,2782,2159,28,6,45799,sp|Q15642|CIP4_HUMAN,100.0,27.0,0.0,0.0,1.0,27.0,1.0,27.0,1.79e-15,66.2,2.87656777,3.120534629,3.320280321,3.11,"('WDQFEVL', 10, 16)",2,WDQFEVL,10,16,1,...[FWY]..[LVI]
354617,PLRMNNDKHCFECYGYDIIIDES,0,5.468542804,8.920670325,10.05985937,10.5321931,10.48236074,354927,51,1231,7124,2531,573,462,20,6,11972,sp|O95922|TTLL1_HUMAN,94.737,19.0,1.0,0.0,1.0,19.0,300.0,318.0,3.14e-09,47.8,2.701813724,2.961713933,3.183315945,2.95,"('KHCFECY', 7, 13)",2,KHCFECY,7,13,1,...[FWY]..[WFY]
354617,PLRMNNDKHCFECYGYDIIIDES,0,5.468542804,8.920670325,10.05985937,10.5321931,10.48236074,354927,51,1231,7124,2531,573,462,20,6,11972,sp|O95922|TTLL1_HUMAN,94.737,19.0,1.0,0.0,1.0,19.0,300.0,318.0,3.14e-09,47.8,2.701813724,2.961713933,3.183315945,2.95,"('CYGYDII', 12, 18)",2,CYGYDII,12,18,1,...[FWY]..[LVI]
104657,PLRETEYSLLHMPSTDPRHARSPEDEYELLMPHRISSHF,0,6.061167834,9.218694074,10.3997258,10.57925514,10.02292912,104737,153,5569,26276,9610,1776,1008,36,6,44392,sp|Q8N6F7|GCSAM_HUMAN,100.0,36.0,0.0,0.0,1.0,36.0,125.0,160.0,4.39e-20,76.6,2.846775154,2.981276133,2.99086371,2.94,"('ETEYSLL', 3, 9)",2,ETEYSLL,3,9,1,...[FWY]..[LVI]
104657,PLRETEYSLLHMPSTDPRHARSPEDEYELLMPHRISSHF,0,6.061167834,9.218694074,10.3997258,10.57925514,10.02292912,104737,153,5569,26276,9610,1776,1008,36,6,44392,sp|Q8N6F7|GCSAM_HUMAN,100.0,36.0,0.0,0.0,1.0,36.0,125.0,160.0,4.39e-20,76.6,2.846775154,2.981276133,2.99086371,2.94,"('EDEYELL', 23, 29)",2,EDEYELL,23,29,1,...[FWY]..[LVI]
214757,PLREDLTWLEWEELKIPLHGRPIYPNVNVKL,0,5.763134873,8.904110899,10.09175475,10.259866,9.98288749,214933,76,2250,10495,3856,707,487,28,6,17871,sp|Q0P641|CB080_HUMAN,100.0,23.0,0.0,0.0,1.0,23.0,59.0,81.0,3.63e-12,55.8,2.715417888,2.848516172,2.97409059,2.85,"('DLTWLEW', 4, 10)",3,DLTWLEW,4,10,1,...[FWY]..[WFY]
214757,PLREDLTWLEWEELKIPLHGRPIYPNVNVKL,0,5.763134873,8.904110899,10.09175475,10.259866,9.98288749,214933,76,2250,10495,3856,707,487,28,6,17871,sp|Q0P641|CB080_HUMAN,100.0,23.0,0.0,0.0,1.0,23.0,59.0,81.0,3.63e-12,55.8,2.715417888,2.848516172,2.97409059,2.85,"('WLEWEEL', 7, 13)",3,WLEWEEL,7,13,1,...[FWY]..[LVI]
214757,PLREDLTWLEWEELKIPLHGRPIYPNVNVKL,0,5.763134873,8.904110899,10.09175475,10.259866,9.98288749,214933,76,2250,10495,3856,707,487,28,6,17871,sp|Q0P641|CB080_HUMAN,100.0,23.0,0.0,0.0,1.0,23.0,59.0,81.0,3.63e-12,55.8,2.715417888,2.848516172,2.97409059,2.85,"('RPIYPNV', 20, 26)",3,RPIYPNV,20,26,1,...[FWY]..[LVI]
257501,PLRHSVVPLLDSYDLLSYDDLSH,0,6.200556327,8.88015668,10.24232178,10.30389468,9.797801733,257722,22,882,2988,1239,211,124,20,6,5466,sp|A2RUB1|MEIOC_HUMAN,100.0,20.0,0.0,0.0,1.0,20.0,698.0,717.0,4.45e-08,44.7,2.779638449,2.866817501,2.896559645,2.85,"('LDSYDLL', 9, 15)",2,LDSYDLL,9,15,1,...[FWY]..[LVI]
257501,PLRHSVVPLLDSYDLLSYDDLSH,0,6.200556327,8.88015668,10.24232178,10.30389468,9.797801733,257722,22,882,2988,1239,211,124,20,6,5466,sp|A2RUB1|MEIOC_HUMAN,100.0,20.0,0.0,0.0,1.0,20.0,698.0,717.0,4.45e-08,44.7,2.779638449,2.866817501,2.896559645,2.85,"('LLSYDDL', 14, 20)",2,LLSYDDL,14,20,1,...[FWY]..[LVI]
171003,PLRIYNTPSASYLEVTPDSENDFGNYTVLQ,0,5.237589183,8.257330617,9.834296751,10.26461953,10.07562655,171137,90,1851,7938,3820,840,615,27,6,15154,sp|P13591|NCAM1_HUMAN,100.0,23.0,0.0,0.0,1.0,23.0,465.0,487.0,1.94e-10,51.6,2.605605689,2.850492064,3.01293824,2.82,"('SASYLEV', 8, 14)",3,SASYLEV,8,14,1,...[FWY]..[LVI]
171003,PLRIYNTPSASYLEVTPDSENDFGNYTVLQ,0,5.237589183,8.257330617,9.834296751,10.26461953,10.07562655,171137,90,1851,7938,3820,840,615,27,6,15154,sp|P13591|NCAM1_HUMAN,100.0,23.0,0.0,0.0,1.0,23.0,465.0,487.0,1.94e-10,51.6,2.605605689,2.850492064,3.01293824,2.82,"('ENDFGNY', 19, 25)",3,ENDFGNY,19,25,1,...[FWY]..[WFY]
171003,PLRIYNTPSASYLEVTPDSENDFGNYTVLQ,0,5.237589183,8.257330617,9.834296751,10.26461953,10.07562655,171137,90,1851,7938,3820,840,615,27,6,15154,sp|P13591|NCAM1_HUMAN,100.0,23.0,0.0,0.0,1.0,23.0,465.0,487.0,1.94e-10,51.6,2.605605689,2.850492064,3.01293824,2.82,"('FGNYTVL', 22, 28)",3,FGNYTVL,22,28,1,...[FWY]..[LVI]
139850,PLRESSTEWDLDSFSELDSESGSSSSFSDDEVWVQVAPQ,0,6.625374847,9.298088253,10.10178763,10.39015042,9.487461612,139960,11,592,1996,562,112,50,36,6,3323,sp|Q8WVZ9|KBTB7_HUMAN,97.222,36.0,1.0,0.0,1.0,36.0,639.0,674.0,9.8e-17,70.1,2.719697159,2.902671282,2.766560648,2.8,"('LDSFSEL', 10, 16)",2,LDSFSEL,10,16,1,...[FWY]..[LVI]
139850,PLRESSTEWDLDSFSELDSESGSSSSFSDDEVWVQVAPQ,0,6.625374847,9.298088253,10.10178763,10.39015042,9.487461612,139960,11,592,1996,562,112,50,36,6,3323,sp|Q8WVZ9|KBTB7_HUMAN,97.222,36.0,1.0,0.0,1.0,36.0,639.0,674.0,9.8e-17,70.1,2.719697159,2.902671282,2.766560648,2.8,"('DEVWVQV', 29, 35)",2,DEVWVQV,29,35,1,...[FWY]..[LVI]
247573,PLREDPSDDEWEELSSSDESDAFMENSFSECGGQLFSPL,0,5.885663369,9.015695888,10.15225697,10.10725693,9.760316989,247782,122,3932,18202,6455,1021,670,36,6,30402,sp|Q7Z4Q2|HEAT3_HUMAN,100.0,36.0,0.0,0.0,1.0,36.0,377.0,412.0,6.99e-19,76.3,2.741223581,2.785081405,2.880857585,2.8,"('DDEWEEL', 7, 13)",2,DDEWEEL,7,13,1,...[FWY]..[LVI]
247573,PLREDPSDDEWEELSSSDESDAFMENSFSECGGQLFSPL,0,5.885663369,9.015695888,10.15225697,10.10725693,9.760316989,247782,122,3932,18202,6455,1021,670,36,6,30402,sp|Q7Z4Q2|HEAT3_HUMAN,100.0,36.0,0.0,0.0,1.0,36.0,377.0,412.0,6.99e-19,76.3,2.741223581,2.785081405,2.880857585,2.8,"('GQLFSPL', 32, 38)",2,GQLFSPL,32,38,1,...[FWY]..[LVI]
676149,PLRLTNSTIEYEHLESEVSALHDDLWEQLNLDTQNEVLN,0,5.898486065,8.528048339,9.937591189,10.04843226,9.624965136,676829,116,3772,12343,5289,932,580,36,6,23032,sp|Q9Y2H5|PKHA6_HUMAN,100.0,36.0,0.0,0.0,1.0,36.0,610.0,645.0,4.86e-20,79.7,2.64966332,2.760629853,2.824159775,2.74,"('TIEYEHL', 7, 13)",2,TIEYEHL,7,13,1,...[FWY]..[LVI]
676149,PLRLTNSTIEYEHLESEVSALHDDLWEQLNLDTQNEVLN,0,5.898486065,8.528048339,9.937591189,10.04843226,9.624965136,676829,116,3772,12343,5289,932,580,36,6,23032,sp|Q9Y2H5|PKHA6_HUMAN,100.0,36.0,0.0,0.0,1.0,36.0,610.0,645.0,4.86e-20,79.7,2.64966332,2.760629853,2.824159775,2.74,"('DDLWEQL', 22, 28)",2,DDLWEQL,22,28,1,...[FWY]..[LVI]
947644,PLRVTPDSGYSSAHAEATYEEDWEVFDPYYFIKRPATD,0,5.932803372,8.641367889,9.730573672,9.958703757,9.7448746,948653,60,1998,6906,2370,453,326,35,6,12113,sp|Q05D32|CTSL2_HUMAN,100.0,30.0,0.0,0.0,1.0,30.0,233.0,262.0,8.5e-16,67.4,2.561365232,2.723332551,2.874388892,2.72,"('WEVFDPY', 22, 28)",3,WEVFDPY,22,28,1,...[FWY]..[WFY]
947644,PLRVTPDSGYSSAHAEATYEEDWEVFDPYYFIKRPATD,0,5.932803372,8.641367889,9.730573672,9.958703757,9.7448746,948653,60,1998,6906,2370,453,326,35,6,12113,sp|Q05D32|CTSL2_HUMAN,100.0,30.0,0.0,0.0,1.0,30.0,233.0,262.0,8.5e-16,67.4,2.561365232,2.723332551,2.874388892,2.72,"('FDPYYFI', 25, 31)",3,FDPYYFI,25,31,1,...[FWY]..[LVI]
29783,PLRTEEQLKEKFPEADPYEIIESFNVVAKEVFVVLF,0,5.688267547,9.27495013,10.11442869,9.745663083,9.45990589,29811,37,1040,6607,1907,241,165,33,6,9997,sp|Q8TCS8|PNPT1_HUMAN,100.0,29.0,0.0,0.0,1.0,29.0,320.0,348.0,5.99e-14,62.0,2.725088884,2.63477828,2.755017776,2.7,"('ADPYEII', 14, 20)",3,ADPYEII,14,20,1,...[FWY]..[LVI]
29783,PLRTEEQLKEKFPEADPYEIIESFNVVAKEVFVVLF,0,5.688267547,9.27495013,10.11442869,9.745663083,9.45990589,29811,37,1040,6607,1907,241,165,33,6,9997,sp|Q8TCS8|PNPT1_HUMAN,100.0,29.0,0.0,0.0,1.0,29.0,320.0,348.0,5.99e-14,62.0,2.725088884,2.63477828,2.755017776,2.7,"('IESFNVV', 20, 26)",3,IESFNVV,20,26,1,...[FWY]..[LVI]
29783,PLRTEEQLKEKFPEADPYEIIESFNVVAKEVFVVLF,0,5.688267547,9.27495013,10.11442869,9.745663083,9.45990589,29811,37,1040,6607,1907,241,165,33,6,9997,sp|Q8TCS8|PNPT1_HUMAN,100.0,29.0,0.0,0.0,1.0,29.0,320.0,348.0,5.99e-14,62.0,2.725088884,2.63477828,2.755017776,2.7,"('KEVFVVL', 28, 34)",3,KEVFVVL,28,34,1,...[FWY]..[LVI]
152497,PLRMMFQDSVAFEDVAVSFTQEEWALLDFPEESLP,0,5.466314341,8.307166821,9.825964018,9.949117708,9.472962043,152620,10,241,913,422,75,45,32,6,1706,sp|P17024|ZNF20_HUMAN,83.871,31.0,5.0,0.0,1.0,31.0,1.0,31.0,1.19e-12,58.5,2.602051572,2.719347933,2.760486894,2.69,"('SVAFEDV', 8, 14)",2,SVAFEDV,8,14,1,...[FWY]..[LVI]
152497,PLRMMFQDSVAFEDVAVSFTQEEWALLDFPEESLP,0,5.466314341,8.307166821,9.825964018,9.949117708,9.472962043,152620,10,241,913,422,75,45,32,6,1706,sp|P17024|ZNF20_HUMAN,83.871,31.0,5.0,0.0,1.0,31.0,1.0,31.0,1.19e-12,58.5,2.602051572,2.719347933,2.760486894,2.69,"('QEEWALL', 20, 26)",2,QEEWALL,20,26,1,...[FWY]..[LVI]
370167,PLRLLASKAHYFGVGGGVHSFRSL,0,5.2059115,8.483363734,9.406818224,9.485833764,9.84900541,370499,25,503,2579,789,136,146,21,6,4178,sp|O95568|MET18_HUMAN,80.952,21.0,4.0,0.0,1.0,21.0,320.0,340.0,1.08e-06,40.8,2.423275531,2.52677545,2.918008457,2.62,"('KAHYFGV', 7, 13)",2,KAHYFGV,7,13,1,...[FWY]..[LVI]
370167,PLRLLASKAHYFGVGGGVHSFRSL,0,5.2059115,8.483363734,9.406818224,9.485833764,9.84900541,370499,25,503,2579,789,136,146,21,6,4178,sp|O95568|MET18_HUMAN,80.952,21.0,4.0,0.0,1.0,21.0,320.0,340.0,1.08e-06,40.8,2.423275531,2.52677545,2.918008457,2.62,"('VHSFRSL', 17, 23)",2,VHSFRSL,17,23,1,...[FWY]..[LVI]
327362,PLRESEDEESYDTESEFTEFTEDNWPYDDWCLVASV,0,5.563253622,8.718842546,9.667107253,9.697578941,9.312025825,327648,40,1031,4858,1512,252,161,33,6,7854,sp|P25963|IKBA_HUMAN,92.308,26.0,2.0,0.0,1.0,26.0,282.0,307.0,3.94e-10,51.2,2.534295236,2.614791223,2.693071997,2.61,"('ESEFTEF', 13, 19)",3,ESEFTEF,13,19,1,...[FWY]..[WFY]
327362,PLRESEDEESYDTESEFTEFTEDNWPYDDWCLVASV,0,5.563253622,8.718842546,9.667107253,9.697578941,9.312025825,327648,40,1031,4858,1512,252,161,33,6,7854,sp|P25963|IKBA_HUMAN,92.308,26.0,2.0,0.0,1.0,26.0,282.0,307.0,3.94e-10,51.2,2.534295236,2.614791223,2.693071997,2.61,"('NWPYDDW', 23, 29)",3,NWPYDDW,23,29,1,...[FWY]..[WFY]
327362,PLRESEDEESYDTESEFTEFTEDNWPYDDWCLVASV,0,5.563253622,8.718842546,9.667107253,9.697578941,9.312025825,327648,40,1031,4858,1512,252,161,33,6,7854,sp|P25963|IKBA_HUMAN,92.308,26.0,2.0,0.0,1.0,26.0,282.0,307.0,3.94e-10,51.2,2.534295236,2.614791223,2.693071997,2.61,"('YDDWCLV', 26, 32)",3,YDDWCLV,26,32,1,...[FWY]..[LVI]
497202,PLRQTLDWEIVELTNKLLDARTPSTSWRSLASGTRGIA,0,7.035224437,8.195503302,9.745109765,9.828823475,9.068571788,497643,10,715,845,399,69,34,35,6,2072,sp|Q5JTD0|TJAP1_HUMAN,84.211,19.0,3.0,0.0,1.0,19.0,138.0,156.0,2.08e-05,38.1,2.567565235,2.669345425,2.591091046,2.61,"('TLDWEIV', 4, 10)",2,TLDWEIV,4,10,1,...[FWY]..[LVI]
497202,PLRQTLDWEIVELTNKLLDARTPSTSWRSLASGTRGIA,0,7.035224437,8.195503302,9.745109765,9.828823475,9.068571788,497643,10,715,845,399,69,34,35,6,2072,sp|Q5JTD0|TJAP1_HUMAN,84.211,19.0,3.0,0.0,1.0,19.0,138.0,156.0,2.08e-05,38.1,2.567565235,2.669345425,2.591091046,2.61,"('STSWRSL', 23, 29)",2,STSWRSL,23,29,1,...[FWY]..[LVI]
104652,PLRSPEDEYELLIPHRISSHFLQQPRPLMAPSETQFSHL,0,5.442319171,8.519729525,9.479473241,9.79224886,9.002559306,104732,121,2868,12801,4016,814,393,36,6,21013,sp|Q8N6F7|GCSAM_HUMAN,97.222,36.0,1.0,0.0,1.0,36.0,143.0,178.0,2.59e-19,74.7,2.454264691,2.654142514,2.563438945,2.56,"('ETQFSHL', 32, 38)",2,ETQFSHL,32,38,1,...[FWY]..[LVI]
177732,PLRNINIGPGDCEWFVVPEDYWVF,0,6.491166625,8.396208968,9.482617624,9.537282641,9.165984289,177873,80,3923,7769,2661,451,291,21,6,15175,sp|O14607|UTY_HUMAN,100.0,19.0,0.0,0.0,1.0,19.0,1103.0,1121.0,3.5e-11,53.5,2.455605849,2.548161121,2.631896365,2.55,"('DCEWFVV', 10, 16)",2,DCEWFVV,10,16,1,...[FWY]..[LVI]
177732,PLRNINIGPGDCEWFVVPEDYWVF,0,6.491166625,8.396208968,9.482617624,9.537282641,9.165984289,177873,80,3923,7769,2661,451,291,21,6,15175,sp|O14607|UTY_HUMAN,100.0,19.0,0.0,0.0,1.0,19.0,1103.0,1121.0,3.5e-11,53.5,2.455605849,2.548161121,2.631896365,2.55,"('PEDYWVF', 17, 23)",2,PEDYWVF,17,23,1,...[FWY]..[WFY]
290133,PLRQFSAGGCTFDDGPGACDYHQDLYDDFEWVHVSAQEP,0,6.040672001,8.187222818,9.278644346,9.426639338,9.096813557,290389,122,4378,10250,3523,637,423,36,6,19333,sp|Q15262|PTPRK_HUMAN,100.0,36.0,0.0,0.0,1.0,36.0,30.0,65.0,4.62e-23,88.2,2.368606203,2.502170199,2.602921298,2.49,"('QDLYDDF', 22, 28)",3,QDLYDDF,22,28,1,...[FWY]..[WFY]
290133,PLRQFSAGGCTFDDGPGACDYHQDLYDDFEWVHVSAQEP,0,6.040672001,8.187222818,9.278644346,9.426639338,9.096813557,290389,122,4378,10250,3523,637,423,36,6,19333,sp|Q15262|PTPRK_HUMAN,100.0,36.0,0.0,0.0,1.0,36.0,30.0,65.0,4.62e-23,88.2,2.368606203,2.502170199,2.602921298,2.49,"('YDDFEWV', 25, 31)",3,YDDFEWV,25,31,1,...[FWY]..[LVI]
290133,PLRQFSAGGCTFDDGPGACDYHQDLYDDFEWVHVSAQEP,0,6.040672001,8.187222818,9.278644346,9.426639338,9.096813557,290389,122,4378,10250,3523,637,423,36,6,19333,sp|Q15262|PTPRK_HUMAN,100.0,36.0,0.0,0.0,1.0,36.0,30.0,65.0,4.62e-23,88.2,2.368606203,2.502170199,2.602921298,2.49,"('DFEWVHV', 27, 33)",3,DFEWVHV,27,33,1,...[FWY]..[LVI]
356722,PLRFFQNVIKETRAEPKKVTSGSSTLFWAI,0,5.101421179,8.497043948,9.049890554,9.404797192,9.250569621,357038,14,262,1458,345,72,54,27,6,2205,sp|O75879|GATB_HUMAN,100.0,18.0,0.0,0.0,1.0,18.0,407.0,424.0,1.54e-06,40.8,2.271037057,2.49309111,2.667328485,2.48,"('LRFFQNV', 1, 7)",2,LRFFQNV,1,7,1,...[FWY]..[LVI]
356722,PLRFFQNVIKETRAEPKKVTSGSSTLFWAI,0,5.101421179,8.497043948,9.049890554,9.404797192,9.250569621,357038,14,262,1458,345,72,54,27,6,2205,sp|O75879|GATB_HUMAN,100.0,18.0,0.0,0.0,1.0,18.0,407.0,424.0,1.54e-06,40.8,2.271037057,2.49309111,2.667328485,2.48,"('STLFWAI', 23, 29)",2,STLFWAI,23,29,1,...[FWY]..[LVI]
926483,PLRVDEIYHDESWGFILILPSSA,0,5.621996608,8.783832756,9.868460263,9.305261519,8.45059423,927456,65,1745,8258,2825,312,144,20,6,13349,sp|Q8WXS8|ATS14_HUMAN,90.909,11.0,1.0,0.0,1.0,11.0,291.0,301.0,0.16,26.2,2.620177272,2.451717278,2.332225183,2.47,"('DESWGFI', 9, 15)",2,DESWGFI,9,15,1,...[FWY]..[LVI]
926483,PLRVDEIYHDESWGFILILPSSA,0,5.621996608,8.783832756,9.868460263,9.305261519,8.45059423,927456,65,1745,8258,2825,312,144,20,6,13349,sp|Q8WXS8|ATS14_HUMAN,90.909,11.0,1.0,0.0,1.0,11.0,291.0,301.0,0.16,26.2,2.620177272,2.451717278,2.332225183,2.47,"('SWGFILI', 11, 17)",2,SWGFILI,11,17,1,...[FWY]..[LVI]
604169,PLRMDFSQEEWELLVPAQKNLYREVMLENYRNVVSLEAL,0,5.869077774,8.48384536,9.613319893,9.16692286,8.687700892,604745,36,1147,3715,1311,157,94,36,6,6460,sp|Q86TJ5|ZN554_HUMAN,97.222,36.0,1.0,0.0,1.0,36.0,52.0,87.0,3.43e-19,77.0,2.511353597,2.394214273,2.43154727,2.45,"('QEEWELL', 7, 13)",3,QEEWELL,7,13,1,...[FWY]..[LVI]
604169,PLRMDFSQEEWELLVPAQKNLYREVMLENYRNVVSLEAL,0,5.869077774,8.48384536,9.613319893,9.16692286,8.687700892,604745,36,1147,3715,1311,157,94,36,6,6460,sp|Q86TJ5|ZN554_HUMAN,97.222,36.0,1.0,0.0,1.0,36.0,52.0,87.0,3.43e-19,77.0,2.511353597,2.394214273,2.43154727,2.45,"('KNLYREV', 18, 24)",3,KNLYREV,18,24,1,...[FWY]..[LVI]
604169,PLRMDFSQEEWELLVPAQKNLYREVMLENYRNVVSLEAL,0,5.869077774,8.48384536,9.613319893,9.16692286,8.687700892,604745,36,1147,3715,1311,157,94,36,6,6460,sp|Q86TJ5|ZN554_HUMAN,97.222,36.0,1.0,0.0,1.0,36.0,52.0,87.0,3.43e-19,77.0,2.511353597,2.394214273,2.43154727,2.45,"('LENYRNV', 26, 32)",3,LENYRNV,26,32,1,...[FWY]..[LVI]
260705,PLRSVATEESADPLSEDDFETFYEIWEKFDPDATQFIE,0,6.099725885,8.416112243,9.101392637,9.341787395,8.73188034,260929,13,486,1280,332,64,35,35,6,2210,sp|Q9UQD0|SCN8A_HUMAN,100.0,35.0,0.0,0.0,1.0,35.0,1770.0,1804.0,5.74e-18,73.6,2.293003968,2.46689993,2.450053688,2.4,"('EDDFETF', 15, 21)",4,EDDFETF,15,21,1,...[FWY]..[WFY]
260705,PLRSVATEESADPLSEDDFETFYEIWEKFDPDATQFIE,0,6.099725885,8.416112243,9.101392637,9.341787395,8.73188034,260929,13,486,1280,332,64,35,35,6,2210,sp|Q9UQD0|SCN8A_HUMAN,100.0,35.0,0.0,0.0,1.0,35.0,1770.0,1804.0,5.74e-18,73.6,2.293003968,2.46689993,2.450053688,2.4,"('FETFYEI', 18, 24)",4,FETFYEI,18,24,1,...[FWY]..[LVI]
260705,PLRSVATEESADPLSEDDFETFYEIWEKFDPDATQFIE,0,6.099725885,8.416112243,9.101392637,9.341787395,8.73188034,260929,13,486,1280,332,64,35,35,6,2210,sp|Q9UQD0|SCN8A_HUMAN,100.0,35.0,0.0,0.0,1.0,35.0,1770.0,1804.0,5.74e-18,73.6,2.293003968,2.46689993,2.450053688,2.4,"('ETFYEIW', 19, 25)",4,ETFYEIW,19,25,1,...[FWY]..[WFY]
260705,PLRSVATEESADPLSEDDFETFYEIWEKFDPDATQFIE,0,6.099725885,8.416112243,9.101392637,9.341787395,8.73188034,260929,13,486,1280,332,64,35,35,6,2210,sp|Q9UQD0|SCN8A_HUMAN,100.0,35.0,0.0,0.0,1.0,35.0,1770.0,1804.0,5.74e-18,73.6,2.293003968,2.46689993,2.450053688,2.4,"('YEIWEKF', 22, 28)",4,YEIWEKF,22,28,1,...[FWY]..[WFY]
554067,PLRKEELVMSSLKRLNSYLSLPKFRSFRTY,0,5.230195817,8.516248914,9.457672237,9.272524732,8.409952245,554581,13,266,1372,425,61,28,27,6,2165,sp|Q96EU7|C1GLC_HUMAN,52.941,17.0,8.0,0.0,4.0,20.0,189.0,205.0,6.0,22.3,2.444966024,2.438109631,2.315200581,2.4,"('LNSYLSL', 14, 20)",3,LNSYLSL,14,20,1,...[FWY]..[LVI]
554067,PLRKEELVMSSLKRLNSYLSLPKFRSFRTY,0,5.230195817,8.516248914,9.457672237,9.272524732,8.409952245,554581,13,266,1372,425,61,28,27,6,2165,sp|Q96EU7|C1GLC_HUMAN,52.941,17.0,8.0,0.0,4.0,20.0,189.0,205.0,6.0,22.3,2.444966024,2.438109631,2.315200581,2.4,"('LPKFRSF', 20, 26)",3,LPKFRSF,20,26,1,...[FWY]..[WFY]
554067,PLRKEELVMSSLKRLNSYLSLPKFRSFRTY,0,5.230195817,8.516248914,9.457672237,9.272524732,8.409952245,554581,13,266,1372,425,61,28,27,6,2165,sp|Q96EU7|C1GLC_HUMAN,52.941,17.0,8.0,0.0,4.0,20.0,189.0,205.0,6.0,22.3,2.444966024,2.438109631,2.315200581,2.4,"('FRSFRTY', 23, 29)",3,FRSFRTY,23,29,1,...[FWY]..[WFY]
306568,PLRKLEVPTGPEVQTPKPSDADWDDLWDQFDERRYLNAI,0,5.997952742,8.026550901,9.016168689,9.221550812,8.303037041,306837,68,2369,5111,1637,308,136,36,6,9629,sp|Q96FL9|GLT14_HUMAN,100.0,35.0,0.0,0.0,1.0,35.0,30.0,64.0,4.65e-19,76.6,2.256653848,2.416921385,2.270414656,2.31,"('DDLWDQF', 23, 29)",2,DDLWDQF,23,29,1,...[FWY]..[WFY]
483916,PLRINKFVQFIHKYITYNAPAASPSCRSTPTRSI,0,5.81551985,8.792367892,8.937754843,8.627189614,8.887999542,484341,10,307,1278,228,30,30,31,6,1883,sp|Q8N201|INT1_HUMAN,100.0,19.0,0.0,0.0,1.0,19.0,1956.0,1974.0,3.85e-08,45.4,2.223208404,2.169864232,2.515450775,2.3,"('INKFVQF', 3, 9)",2,INKFVQF,3,9,1,...[FWY]..[WFY]
483916,PLRINKFVQFIHKYITYNAPAASPSCRSTPTRSI,0,5.81551985,8.792367892,8.937754843,8.627189614,8.887999542,484341,10,307,1278,228,30,30,31,6,1883,sp|Q8N201|INT1_HUMAN,100.0,19.0,0.0,0.0,1.0,19.0,1956.0,1974.0,3.85e-08,45.4,2.223208404,2.169864232,2.515450775,2.3,"('IHKYITY', 10, 16)",2,IHKYITY,10,16,1,...[FWY]..[WFY]
534178,PLRTQWIAEYEILHVPKEPKMELYEKKAQLSKYKSLQQ,0,6.087254132,8.69949882,9.32914436,8.861403066,8.264767024,534657,191,7079,22888,5712,674,372,35,6,36916,sp|Q8NF91|SYNE1_HUMAN,94.444,36.0,1.0,1.0,1.0,35.0,3829.0,3864.0,6.87e-16,67.8,2.390145708,2.267219357,2.254383652,2.3,"('IAEYEIL', 6, 12)",2,IAEYEIL,6,12,1,...[FWY]..[LVI]
534178,PLRTQWIAEYEILHVPKEPKMELYEKKAQLSKYKSLQQ,0,6.087254132,8.69949882,9.32914436,8.861403066,8.264767024,534657,191,7079,22888,5712,674,372,35,6,36916,sp|Q8NF91|SYNE1_HUMAN,94.444,36.0,1.0,1.0,1.0,35.0,3829.0,3864.0,6.87e-16,67.8,2.390145708,2.267219357,2.254383652,2.3,"('LSKYKSL', 29, 35)",2,LSKYKSL,29,35,1,...[FWY]..[LVI]
715344,PLRMNEMTASLPATTDLPEFFVFL,0,5.867819427,7.798376001,9.238435204,8.742666831,8.472962043,716079,12,382,770,337,39,27,21,6,1567,sp|Q9UJW2|TINAG_HUMAN,100.0,19.0,0.0,0.0,1.0,19.0,204.0,222.0,4.13e-08,44.7,2.351456011,2.217864459,2.341594882,2.3,"('LPEFFVF', 16, 22)",2,LPEFFVF,16,22,1,...[FWY]..[WFY]
715344,PLRMNEMTASLPATTDLPEFFVFL,0,5.867819427,7.798376001,9.238435204,8.742666831,8.472962043,716079,12,382,770,337,39,27,21,6,1567,sp|Q9UJW2|TINAG_HUMAN,100.0,19.0,0.0,0.0,1.0,19.0,204.0,222.0,4.13e-08,44.7,2.351456011,2.217864459,2.341594882,2.3,"('PEFFVFL', 17, 23)",2,PEFFVFL,17,23,1,...[FWY]..[LVI]
503955,PLRMATRNPPPQDYESDDDSYEVLDLTEYARRHQWWNRV,0,6.204447519,8.118237053,9.043416474,8.970077327,8.145157381,504399,246,9889,19703,6035,936,441,36,6,37250,sp|Q8IVP5|FUND1_HUMAN,100.0,36.0,0.0,0.0,1.0,36.0,1.0,36.0,2.1599999999999998e-24,87.0,2.268275702,2.31239181,2.204280128,2.26,"('HQWWNRV', 32, 38)",2,HQWWNRV,32,38,1,...[FWY]..[LVI]
649642,PLRNMSDDDGWEFVNLGDQHSFGIKTAGLEEKSTACQML,0,5.58723035,7.901608394,8.802025474,8.785789952,8.580195266,650273,720,18869,49627,14942,2411,1745,36,6,88314,sp|O00410|IPO5_HUMAN,97.222,36.0,1.0,0.0,1.0,36.0,650.0,685.0,1.01e-19,78.6,2.165316473,2.235789377,2.386514022,2.26,"('DDGWEFV', 7, 13)",2,DDGWEFV,7,13,1,...[FWY]..[LVI]
649642,PLRNMSDDDGWEFVNLGDQHSFGIKTAGLEEKSTACQML,0,5.58723035,7.901608394,8.802025474,8.785789952,8.580195266,650273,720,18869,49627,14942,2411,1745,36,6,88314,sp|O00410|IPO5_HUMAN,97.222,36.0,1.0,0.0,1.0,36.0,650.0,685.0,1.01e-19,78.6,2.165316473,2.235789377,2.386514022,2.26,"('GWEFVNL', 9, 15)",2,GWEFVNL,9,15,1,...[FWY]..[LVI]
756437,PLRPALFKSYAEYGHFVHSYCSFGSSC,0,5.870837619,8.000172777,8.999682592,8.420738736,8.566071447,757221,10,319,738,238,26,24,24,6,1355,sp|Q6P1X5|TAF2_HUMAN,100.0,14.0,0.0,0.0,1.0,14.0,871.0,884.0,0.000181,34.7,2.24962212,2.084049132,2.380597667,2.24,"('PALFKSY', 3, 9)",4,PALFKSY,3,9,1,...[FWY]..[WFY]
756437,PLRPALFKSYAEYGHFVHSYCSFGSSC,0,5.870837619,8.000172777,8.999682592,8.420738736,8.566071447,757221,10,319,738,238,26,24,24,6,1355,sp|Q6P1X5|TAF2_HUMAN,100.0,14.0,0.0,0.0,1.0,14.0,871.0,884.0,0.000181,34.7,2.24962212,2.084049132,2.380597667,2.24,"('FKSYAEY', 6, 12)",4,FKSYAEY,6,12,1,...[FWY]..[WFY]
756437,PLRPALFKSYAEYGHFVHSYCSFGSSC,0,5.870837619,8.000172777,8.999682592,8.420738736,8.566071447,757221,10,319,738,238,26,24,24,6,1355,sp|Q6P1X5|TAF2_HUMAN,100.0,14.0,0.0,0.0,1.0,14.0,871.0,884.0,0.000181,34.7,2.24962212,2.084049132,2.380597667,2.24,"('YAEYGHF', 9, 15)",4,YAEYGHF,9,15,1,...[FWY]..[WFY]
756437,PLRPALFKSYAEYGHFVHSYCSFGSSC,0,5.870837619,8.000172777,8.999682592,8.420738736,8.566071447,757221,10,319,738,238,26,24,24,6,1355,sp|Q6P1X5|TAF2_HUMAN,100.0,14.0,0.0,0.0,1.0,14.0,871.0,884.0,0.000181,34.7,2.24962212,2.084049132,2.380597667,2.24,"('VHSYCSF', 16, 22)",4,VHSYCSF,16,22,1,...[FWY]..[WFY]
387446,PLRKPVPQDTKFIHTKANRFEEVAWSKYNPRDHSTFTS,0,6.029781765,8.217012143,8.242053044,8.589714908,8.772522325,387800,13,463,1115,183,38,36,35,6,1848,sp|Q9NZ94|NLGN3_HUMAN,96.667,30.0,1.0,0.0,1.0,30.0,572.0,601.0,2.38e-15,66.2,1.92647439,2.154287182,2.467078291,2.18,"('ANRFEEV', 16, 22)",2,ANRFEEV,16,22,1,...[FWY]..[LVI]
387446,PLRKPVPQDTKFIHTKANRFEEVAWSKYNPRDHSTFTS,0,6.029781765,8.217012143,8.242053044,8.589714908,8.772522325,387800,13,463,1115,183,38,36,35,6,1848,sp|Q9NZ94|NLGN3_HUMAN,96.667,30.0,1.0,0.0,1.0,30.0,572.0,601.0,2.38e-15,66.2,1.92647439,2.154287182,2.467078291,2.18,"('EVAWSKY', 21, 27)",2,EVAWSKY,21,27,1,...[FWY]..[WFY]
761135,PLRPEDFWEIIGELGDGAFGKVYKAQNKETSVLAAAKVI,0,5.80974314,8.200335573,8.847165583,8.390681502,7.811648656,761923,97,2966,8224,2077,247,138,36,6,13749,sp|Q9H2G2|SLK_HUMAN,100.0,36.0,0.0,0.0,1.0,36.0,30.0,65.0,1.79e-18,75.1,2.184569845,2.07155529,2.064575986,2.11,"('PEDFWEI', 3, 9)",3,PEDFWEI,3,9,1,...[FWY]..[LVI]
761135,PLRPEDFWEIIGELGDGAFGKVYKAQNKETSVLAAAKVI,0,5.80974314,8.200335573,8.847165583,8.390681502,7.811648656,761923,97,2966,8224,2077,247,138,36,6,13749,sp|Q9H2G2|SLK_HUMAN,100.0,36.0,0.0,0.0,1.0,36.0,30.0,65.0,1.79e-18,75.1,2.184569845,2.07155529,2.064575986,2.11,"('EDFWEII', 4, 10)",3,EDFWEII,4,10,1,...[FWY]..[LVI]
761135,PLRPEDFWEIIGELGDGAFGKVYKAQNKETSVLAAAKVI,0,5.80974314,8.200335573,8.847165583,8.390681502,7.811648656,761923,97,2966,8224,2077,247,138,36,6,13749,sp|Q9H2G2|SLK_HUMAN,100.0,36.0,0.0,0.0,1.0,36.0,30.0,65.0,1.79e-18,75.1,2.184569845,2.07155529,2.064575986,2.11,"('DGAFGKV', 15, 21)",3,DGAFGKV,15,21,1,...[FWY]..[LVI]
119575,PLRSQSLTPQQQPQYNLPERDKQLLFSEYNFEDLSASFR,0,6.2425954,7.69315896,8.573685341,8.27003303,7.845186458,119667,228,9411,13601,4039,534,332,36,6,28145,sp|Q9UPW0|FOXJ3_HUMAN,100.0,36.0,0.0,0.0,1.0,36.0,262.0,297.0,1.45e-18,75.5,2.067923762,2.021405536,2.078624704,2.06,"('QLLFSEY', 22, 28)",2,QLLFSEY,22,28,1,...[FWY]..[WFY]
119575,PLRSQSLTPQQQPQYNLPERDKQLLFSEYNFEDLSASFR,0,6.2425954,7.69315896,8.573685341,8.27003303,7.845186458,119667,228,9411,13601,4039,534,332,36,6,28145,sp|Q9UPW0|FOXJ3_HUMAN,100.0,36.0,0.0,0.0,1.0,36.0,262.0,297.0,1.45e-18,75.5,2.067923762,2.021405536,2.078624704,2.06,"('EYNFEDL', 27, 33)",2,EYNFEDL,27,33,1,...[FWY]..[LVI]
487263,PLRHMCLLCPKCITFLLVMADFGCVCVPHAVNNEMKAIT,0,4.155461019,7.064084541,8.056843314,8.350349408,8.303037041,487691,21,204,810,260,52,42,36,6,1389,sp|Q9BUX1|CHAC1_HUMAN,38.462,26.0,16.0,0.0,10.0,35.0,176.0,201.0,1.7,24.3,1.847477862,2.054790514,2.270414656,2.06,"('CITFLLV', 11, 17)",2,CITFLLV,11,17,1,...[FWY]..[LVI]
487263,PLRHMCLLCPKCITFLLVMADFGCVCVPHAVNNEMKAIT,0,4.155461019,7.064084541,8.056843314,8.350349408,8.303037041,487691,21,204,810,260,52,42,36,6,1389,sp|Q9BUX1|CHAC1_HUMAN,38.462,26.0,16.0,0.0,10.0,35.0,176.0,201.0,1.7,24.3,1.847477862,2.054790514,2.270414656,2.06,"('MADFGCV', 18, 24)",2,MADFGCV,18,24,1,...[FWY]..[LVI]
731840,PLRMWNIFSKAGYGSLRVISSSGFSSWM,0,4.636165436,6.94662696,8.064222845,8.33173373,8.303037041,732594,18,244,640,224,44,36,25,6,1206,sp|Q9UNW1|MINP1_HUMAN,56.25,16.0,7.0,0.0,4.0,19.0,168.0,183.0,0.93,24.3,1.850625414,2.047052565,2.270414656,2.06,"('LRMWNIF', 1, 7)",3,LRMWNIF,1,7,1,...[FWY]..[WFY]
731840,PLRMWNIFSKAGYGSLRVISSSGFSSWM,0,4.636165436,6.94662696,8.064222845,8.33173373,8.303037041,732594,18,244,640,224,44,36,25,6,1206,sp|Q9UNW1|MINP1_HUMAN,56.25,16.0,7.0,0.0,4.0,19.0,168.0,183.0,0.93,24.3,1.850625414,2.047052565,2.270414656,2.06,"('KAGYGSL', 9, 15)",3,KAGYGSL,9,15,1,...[FWY]..[LVI]
731840,PLRMWNIFSKAGYGSLRVISSSGFSSWM,0,4.636165436,6.94662696,8.064222845,8.33173373,8.303037041,732594,18,244,640,224,44,36,25,6,1206,sp|Q9UNW1|MINP1_HUMAN,56.25,16.0,7.0,0.0,4.0,19.0,168.0,183.0,0.93,24.3,1.850625414,2.047052565,2.270414656,2.06,"('SSGFSSW', 20, 26)",3,SSGFSSW,20,26,1,...[FWY]..[WFY]
716643,PLRMPLFATNPFDQDVEKATSEMNTAEDWASFWIL,0,5.535603728,7.499021598,8.477418997,8.092853186,7.955113738,717379,14,354,730,232,29,22,32,6,1381,sp|Q92783|STAM1_HUMAN,96.296,27.0,1.0,0.0,1.0,27.0,1.0,27.0,6.81e-13,58.9,2.026863787,1.947757478,2.124672363,2.03,"('AEDWASF', 25, 31)",2,AEDWASF,25,31,1,...[FWY]..[WFY]
716643,PLRMPLFATNPFDQDVEKATSEMNTAEDWASFWIL,0,5.535603728,7.499021598,8.477418997,8.092853186,7.955113738,717379,14,354,730,232,29,22,32,6,1381,sp|Q92783|STAM1_HUMAN,96.296,27.0,1.0,0.0,1.0,27.0,1.0,27.0,6.81e-13,58.9,2.026863787,1.947757478,2.124672363,2.03,"('WASFWIL', 28, 34)",2,WASFWIL,28,34,1,...[FWY]..[LVI]
30347,PLRPEGDENYMEFLEVLTEGLERVLLVRGGAVK,0,4.100319465,7.232583954,8.143783818,8.27488787,7.981108946,30375,20,187,867,263,47,32,30,6,1416,sp|Q9UHW9|S12A6_HUMAN,96.429,28.0,1.0,0.0,1.0,28.0,1115.0,1142.0,1.75e-13,60.5,1.884560136,2.023423539,2.135561549,2.01,"('DENYMEF', 6, 12)",2,DENYMEF,6,12,1,...[FWY]..[WFY]
30347,PLRPEGDENYMEFLEVLTEGLERVLLVRGGAVK,0,4.100319465,7.232583954,8.143783818,8.27488787,7.981108946,30375,20,187,867,263,47,32,30,6,1416,sp|Q9UHW9|S12A6_HUMAN,96.429,28.0,1.0,0.0,1.0,28.0,1115.0,1142.0,1.75e-13,60.5,1.884560136,2.023423539,2.135561549,2.01,"('YMEFLEV', 9, 15)",2,YMEFLEV,9,15,1,...[FWY]..[LVI]
807940,PLRQVKLHDFFSYLMDHFIPRATTTVTS,0,4.616110273,7.98756552,8.109602748,8.575659313,7.698965718,808774,19,254,1390,244,55,25,25,6,1987,sp|O14830|PPE2_HUMAN,89.474,19.0,2.0,0.0,1.0,19.0,59.0,77.0,2.53e-07,42.7,1.869981065,2.148444716,2.017374004,2.01,"('LHDFFSY', 6, 12)",2,LHDFFSY,6,12,1,...[FWY]..[WFY]
807940,PLRQVKLHDFFSYLMDHFIPRATTTVTS,0,4.616110273,7.98756552,8.109602748,8.575659313,7.698965718,808774,19,254,1390,244,55,25,25,6,1987,sp|O14830|PPE2_HUMAN,89.474,19.0,2.0,0.0,1.0,19.0,59.0,77.0,2.53e-07,42.7,1.869981065,2.148444716,2.017374004,2.01,"('HDFFSYL', 7, 13)",2,HDFFSYL,7,13,1,...[FWY]..[LVI]
57806,PLRSGSDGNFSEDVLSKFDEWTFIPDSSMDSVFAQSDDL,0,5.586290282,7.467407241,8.26639539,8.39903657,7.558952035,57851,237,6207,12090,3393,607,283,36,6,22817,sp|Q5S007|LRRK2_HUMAN,100.0,36.0,0.0,0.0,1.0,36.0,858.0,893.0,1.54e-20,80.9,1.936857002,2.075028228,1.958723391,1.99,"('LSKFDEW', 14, 20)",2,LSKFDEW,14,20,1,...[FWY]..[WFY]
57806,PLRSGSDGNFSEDVLSKFDEWTFIPDSSMDSVFAQSDDL,0,5.586290282,7.467407241,8.26639539,8.39903657,7.558952035,57851,237,6207,12090,3393,607,283,36,6,22817,sp|Q5S007|LRRK2_HUMAN,100.0,36.0,0.0,0.0,1.0,36.0,858.0,893.0,1.54e-20,80.9,1.936857002,2.075028228,1.958723391,1.99,"('FDEWTFI', 17, 23)",2,FDEWTFI,17,23,1,...[FWY]..[LVI]
962551,PLRYLKYINLKASEKLDYITYLSI,0,4.723350006,7.841202233,8.116092085,8.243860974,7.788463868,963578,10,144,661,129,23,14,21,6,981,sp|Q12874|SF3A3_HUMAN,100.0,21.0,0.0,0.0,1.0,21.0,146.0,166.0,1.51e-07,43.1,1.872748927,2.01052664,2.054864064,1.98,"('PLRYLKY', 0, 6)",4,PLRYLKY,0,6,1,...[FWY]..[WFY]
962551,PLRYLKYINLKASEKLDYITYLSI,0,4.723350006,7.841202233,8.116092085,8.243860974,7.788463868,963578,10,144,661,129,23,14,21,6,981,sp|Q12874|SF3A3_HUMAN,100.0,21.0,0.0,0.0,1.0,21.0,146.0,166.0,1.51e-07,43.1,1.872748927,2.01052664,2.054864064,1.98,"('YLKYINL', 3, 9)",4,YLKYINL,3,9,1,...[FWY]..[LVI]
962551,PLRYLKYINLKASEKLDYITYLSI,0,4.723350006,7.841202233,8.116092085,8.243860974,7.788463868,963578,10,144,661,129,23,14,21,6,981,sp|Q12874|SF3A3_HUMAN,100.0,21.0,0.0,0.0,1.0,21.0,146.0,166.0,1.51e-07,43.1,1.872748927,2.01052664,2.054864064,1.98,"('KLDYITY', 14, 20)",4,KLDYITY,14,20,1,...[FWY]..[WFY]
962551,PLRYLKYINLKASEKLDYITYLSI,0,4.723350006,7.841202233,8.116092085,8.243860974,7.788463868,963578,10,144,661,129,23,14,21,6,981,sp|Q12874|SF3A3_HUMAN,100.0,21.0,0.0,0.0,1.0,21.0,146.0,166.0,1.51e-07,43.1,1.872748927,2.01052664,2.054864064,1.98,"('YITYLSI', 17, 23)",4,YITYLSI,17,23,1,...[FWY]..[LVI]
40640,PLRTFKAAVSNFTTFKAAGIFRTLKFQQYSV,0,4.86630796,7.096577261,7.993608078,8.077851023,7.935305257,40676,20,318,789,237,41,31,28,6,1436,,,,,,,,,,,,1.820506471,1.941521553,2.116374749,1.96,"('VSNFTTF', 8, 14)",3,VSNFTTF,8,14,1,...[FWY]..[WFY]
40640,PLRTFKAAVSNFTTFKAAGIFRTLKFQQYSV,0,4.86630796,7.096577261,7.993608078,8.077851023,7.935305257,40676,20,318,789,237,41,31,28,6,1436,,,,,,,,,,,,1.820506471,1.941521553,2.116374749,1.96,"('AGIFRTL', 17, 23)",3,AGIFRTL,17,23,1,...[FWY]..[LVI]
40640,PLRTFKAAVSNFTTFKAAGIFRTLKFQQYSV,0,4.86630796,7.096577261,7.993608078,8.077851023,7.935305257,40676,20,318,789,237,41,31,28,6,1436,,,,,,,,,,,,1.820506471,1.941521553,2.116374749,1.96,"('TLKFQQY', 22, 28)",3,TLKFQQY,22,28,1,...[FWY]..[WFY]
118559,PLRAQPVEATGVPVGLSGTKMYFLII,0,4.962815941,7.407369523,8.059061139,7.942691439,7.981108946,118650,15,255,734,186,28,24,23,6,1242,sp|Q8IY51|TIGD4_HUMAN,100.0,11.0,0.0,0.0,1.0,11.0,146.0,156.0,0.067,27.3,1.84842382,1.885339989,2.135561549,1.96,"('TKMYFLI', 18, 24)",2,TKMYFLI,18,24,1,...[FWY]..[LVI]
118559,PLRAQPVEATGVPVGLSGTKMYFLII,0,4.962815941,7.407369523,8.059061139,7.942691439,7.981108946,118650,15,255,734,186,28,24,23,6,1242,sp|Q8IY51|TIGD4_HUMAN,100.0,11.0,0.0,0.0,1.0,11.0,146.0,156.0,0.067,27.3,1.84842382,1.885339989,2.135561549,1.96,"('KMYFLII', 19, 25)",2,KMYFLII,19,25,1,...[FWY]..[LVI]
714492,PLRMMEELHSWTHVGRNYWRPVFLV,0,4.523880729,7.808568915,8.261733678,7.920236589,7.415511771,715225,37,464,2391,528,68,40,22,6,3528,sp|Q6PI47|KCD18_HUMAN,41.176,17.0,10.0,0.0,1.0,17.0,210.0,226.0,2.6,22.7,1.934868667,1.876006218,1.89863741,1.9,"('LHSWTHV', 7, 13)",2,LHSWTHV,7,13,1,...[FWY]..[LVI]
714492,PLRMMEELHSWTHVGRNYWRPVFLV,0,4.523880729,7.808568915,8.261733678,7.920236589,7.415511771,715225,37,464,2391,528,68,40,22,6,3528,sp|Q6PI47|KCD18_HUMAN,41.176,17.0,10.0,0.0,1.0,17.0,210.0,226.0,2.6,22.7,1.934868667,1.876006218,1.89863741,1.9,"('RNYWRPV', 15, 21)",2,RNYWRPV,15,21,1,...[FWY]..[LVI]
731130,PLRMYIPQTFTKLQRLPWFKSKSCFHLLC,0,5.123280613,7.762714618,8.444714832,8.52765394,6.566071447,731883,10,190,626,162,28,6,26,6,1022,sp|Q9H015|S22A4_HUMAN,38.889,18.0,11.0,0.0,1.0,18.0,513.0,530.0,0.61,25.0,2.012914652,2.128490401,1.542813643,1.89,"('PQTFTKL', 6, 12)",2,PQTFTKL,6,12,1,...[FWY]..[LVI]
731130,PLRMYIPQTFTKLQRLPWFKSKSCFHLLC,0,5.123280613,7.762714618,8.444714832,8.52765394,6.566071447,731883,10,190,626,162,28,6,26,6,1022,sp|Q9H015|S22A4_HUMAN,38.889,18.0,11.0,0.0,1.0,18.0,513.0,530.0,0.61,25.0,2.012914652,2.128490401,1.542813643,1.89,"('KSCFHLL', 21, 27)",2,KSCFHLL,21,27,1,...[FWY]..[LVI]
394881,PLRIVLAKINSVNQSDVKYKETFNKAKGKYTFSRYTTY,0,4.721275678,7.481607304,7.908661932,7.93913362,7.614981048,395248,29,417,1494,324,54,36,35,6,2354,sp|P20929|NEBU_HUMAN,88.571,35.0,4.0,0.0,1.0,35.0,4409.0,4443.0,2.31e-14,63.5,1.78427484,1.883861116,1.982193496,1.88,"('KYTFSRY', 28, 34)",2,KYTFSRY,28,34,1,...[FWY]..[WFY]
394881,PLRIVLAKINSVNQSDVKYKETFNKAKGKYTFSRYTTY,0,4.721275678,7.481607304,7.908661932,7.93913362,7.614981048,395248,29,417,1494,324,54,36,35,6,2354,sp|P20929|NEBU_HUMAN,88.571,35.0,4.0,0.0,1.0,35.0,4409.0,4443.0,2.31e-14,63.5,1.78427484,1.883861116,1.982193496,1.88,"('FSRYTTY', 31, 37)",2,FSRYTTY,31,37,1,...[FWY]..[WFY]
518985,PLRIKENHKNIPLALNYTQWEEIPCLKPAVSCGH,0,5.760217389,6.236059055,7.639786647,7.390150416,8.367167379,519443,11,325,239,102,14,23,31,6,714,sp|Q96K83|ZN521_HUMAN,100.0,14.0,0.0,0.0,1.0,14.0,581.0,594.0,0.001,32.7,1.669592885,1.655666161,2.297278342,1.87,"('ALNYTQW', 13, 19)",2,ALNYTQW,13,19,1,...[FWY]..[WFY]
518985,PLRIKENHKNIPLALNYTQWEEIPCLKPAVSCGH,0,5.760217389,6.236059055,7.639786647,7.390150416,8.367167379,519443,11,325,239,102,14,23,31,6,714,sp|Q96K83|ZN521_HUMAN,100.0,14.0,0.0,0.0,1.0,14.0,581.0,594.0,0.001,32.7,1.669592885,1.655666161,2.297278342,1.87,"('YTQWEEI', 16, 22)",2,YTQWEEI,16,22,1,...[FWY]..[LVI]
24681,PLRAWGTWGPGAEPEDWGILGREEARTTPGREEARAILD,0,6.141957723,7.135683821,8.118587253,7.933155414,7.274747997,24707,103,3965,4175,1331,191,101,36,6,9866,sp|Q0VD83|APOBR_HUMAN,100.0,36.0,0.0,0.0,1.0,36.0,262.0,297.0,1.77e-18,75.1,1.873813178,1.881376165,1.839672589,1.86,"('LRAWGTW', 1, 7)",2,LRAWGTW,1,7,1,...[FWY]..[WFY]
24681,PLRAWGTWGPGAEPEDWGILGREEARTTPGREEARAILD,0,6.141957723,7.135683821,8.118587253,7.933155414,7.274747997,24707,103,3965,4175,1331,191,101,36,6,9866,sp|Q0VD83|APOBR_HUMAN,100.0,36.0,0.0,0.0,1.0,36.0,262.0,297.0,1.77e-18,75.1,1.873813178,1.881376165,1.839672589,1.86,"('PEDWGIL', 13, 19)",2,PEDWGIL,13,19,1,...[FWY]..[LVI]
268001,PLRDYTSVMHYSKLHSKMVQSRRLSHVSQTLRM,0,5.249748615,7.699732256,8.068510203,8.068699324,7.071711495,268236,27,560,1618,337,55,23,30,6,2620,sp|Q16820|MEP1B_HUMAN,100.0,10.0,0.0,0.0,1.0,10.0,204.0,213.0,0.4,25.8,1.852454079,1.937717482,1.75462222,1.85,"('LRDYTSV', 1, 7)",2,LRDYTSV,1,7,1,...[FWY]..[LVI]
268001,PLRDYTSVMHYSKLHSKMVQSRRLSHVSQTLRM,0,5.249748615,7.699732256,8.068510203,8.068699324,7.071711495,268236,27,560,1618,337,55,23,30,6,2620,sp|Q16820|MEP1B_HUMAN,100.0,10.0,0.0,0.0,1.0,10.0,204.0,213.0,0.4,25.8,1.852454079,1.937717482,1.75462222,1.85,"('VMHYSKL', 7, 13)",2,VMHYSKL,7,13,1,...[FWY]..[LVI]
544372,PLRIWQFSSLFSKIKSWEFNEVTSMSST,0,4.665990627,7.610265399,7.825743439,7.895385725,7.478123748,544870,31,429,1746,327,56,35,25,6,2624,sp|Q9UH90|FBX40_HUMAN,100.0,23.0,0.0,0.0,1.0,23.0,639.0,661.0,2.11e-10,51.6,1.748908053,1.8656765,1.924865067,1.85,"('IWQFSSL', 3, 9)",3,IWQFSSL,3,9,1,...[FWY]..[LVI]
544372,PLRIWQFSSLFSKIKSWEFNEVTSMSST,0,4.665990627,7.610265399,7.825743439,7.895385725,7.478123748,544870,31,429,1746,327,56,35,25,6,2624,sp|Q9UH90|FBX40_HUMAN,100.0,23.0,0.0,0.0,1.0,23.0,639.0,661.0,2.11e-10,51.6,1.748908053,1.8656765,1.924865067,1.85,"('SSLFSKI', 7, 13)",3,SSLFSKI,7,13,1,...[FWY]..[LVI]
544372,PLRIWQFSSLFSKIKSWEFNEVTSMSST,0,4.665990627,7.610265399,7.825743439,7.895385725,7.478123748,544870,31,429,1746,327,56,35,25,6,2624,sp|Q9UH90|FBX40_HUMAN,100.0,23.0,0.0,0.0,1.0,23.0,639.0,661.0,2.11e-10,51.6,1.748908053,1.8656765,1.924865067,1.85,"('SWEFNEV', 15, 21)",3,SWEFNEV,15,21,1,...[FWY]..[LVI]
797755,PLRPVLEGQRLVALKKFWQCWPSISLAGR,0,5.116361199,8.035631966,8.280244261,7.283235212,7.544045141,798580,11,208,832,159,13,13,26,6,1236,sp|O00391|QSOX1_HUMAN,100.0,14.0,0.0,0.0,1.0,14.0,320.0,333.0,0.005,30.8,1.942763888,1.611224892,1.952479012,1.84,"('KKFWQCW', 14, 20)",2,KKFWQCW,14,20,1,...[FWY]..[WFY]
797755,PLRPVLEGQRLVALKKFWQCWPSISLAGR,0,5.116361199,8.035631966,8.280244261,7.283235212,7.544045141,798580,11,208,832,159,13,13,26,6,1236,sp|O00391|QSOX1_HUMAN,100.0,14.0,0.0,0.0,1.0,14.0,320.0,333.0,0.005,30.8,1.942763888,1.611224892,1.952479012,1.84,"('WQCWPSI', 17, 23)",2,WQCWPSI,17,23,1,...[FWY]..[LVI]
115016,PLRDQDVDTRDFFDNGEWEIVSATGSKGNRTDSCCWYPY,0,5.540455439,7.300854609,7.890528345,7.936874113,7.254827948,115102,213,5404,9681,2350,396,206,36,6,18250,sp|P30532|ACHA5_HUMAN,97.222,36.0,1.0,0.0,1.0,36.0,204.0,239.0,2.99e-22,85.9,1.776540417,1.88292191,1.83132824,1.83,"('NGEWEIV', 14, 20)",2,NGEWEIV,14,20,1,...[FWY]..[LVI]
115016,PLRDQDVDTRDFFDNGEWEIVSATGSKGNRTDSCCWYPY,0,5.540455439,7.300854609,7.890528345,7.936874113,7.254827948,115102,213,5404,9681,2350,396,206,36,6,18250,sp|P30532|ACHA5_HUMAN,97.222,36.0,1.0,0.0,1.0,36.0,204.0,239.0,2.99e-22,85.9,1.776540417,1.88292191,1.83132824,1.83,"('SCCWYPY', 32, 38)",2,SCCWYPY,32,38,1,...[FWY]..[WFY]
679169,PLRMVEDYLANSYQDSVTFDDVAVEFTPEEWALLDTTEK,0,5.720666447,7.323476886,8.012601828,7.96929559,7.084027259,679852,142,4082,6556,1705,270,122,36,6,12877,sp|Q8N587|ZN561_HUMAN,91.667,36.0,3.0,0.0,1.0,36.0,28.0,63.0,1.08e-18,75.9,1.828607775,1.896398493,1.759781196,1.83,"('SVTFDDV', 15, 21)",2,SVTFDDV,15,21,1,...[FWY]..[LVI]
679169,PLRMVEDYLANSYQDSVTFDDVAVEFTPEEWALLDTTEK,0,5.720666447,7.323476886,8.012601828,7.96929559,7.084027259,679852,142,4082,6556,1705,270,122,36,6,12877,sp|Q8N587|ZN561_HUMAN,91.667,36.0,3.0,0.0,1.0,36.0,28.0,63.0,1.08e-18,75.9,1.828607775,1.896398493,1.759781196,1.83,"('PEEWALL', 27, 33)",2,PEEWALL,27,33,1,...[FWY]..[LVI]
484622,PLRPLEQVADDGLYEFLDFVDATDRYRSLWV,0,5.066623004,7.815908575,8.097146916,7.85460011,6.700372539,485047,41,749,2663,522,72,27,28,6,4074,sp|Q8IWD5|MFS6L_HUMAN,96.429,28.0,1.0,0.0,1.0,28.0,262.0,289.0,6.32e-13,58.9,1.864668345,1.848723209,1.599071298,1.77,"('DGLYEFL', 10, 16)",3,DGLYEFL,10,16,1,...[FWY]..[LVI]
595502,PLRMDLAKHLPHAFSKLETHGAFLSY,0,3.012856624,6.434145466,7.244416182,7.674495328,7.76246866,596072,40,176,997,282,62,55,23,6,1612,sp|Q14191|WRN_HUMAN,100.0,15.0,0.0,0.0,1.0,15.0,262.0,276.0,2.9e-05,37.0,1.500957608,1.773859348,2.043974879,1.77,"('HGAFLSY', 19, 25)",2,HGAFLSY,19,25,1,...[FWY]..[WFY]
756162,PLRQAKAIFEKVKRFRMHVEQKDTFIVYI,0,5.687851325,8.036845261,8.488569122,6.720299018,7.440540565,756946,10,281,757,167,8,11,26,6,1234,sp|Q6P9F7|LRC8B_HUMAN,88.0,25.0,1.0,1.0,1.0,25.0,233.0,255.0,1.05e-08,47.0,2.031619591,1.377230119,1.909121772,1.77,"('KAIFEKV', 5, 11)",2,KAIFEKV,5,11,1,...[FWY]..[LVI]
756162,PLRQAKAIFEKVKRFRMHVEQKDTFIVYI,0,5.687851325,8.036845261,8.488569122,6.720299018,7.440540565,756946,10,281,757,167,8,11,26,6,1234,sp|Q6P9F7|LRC8B_HUMAN,88.0,25.0,1.0,1.0,1.0,25.0,233.0,255.0,1.05e-08,47.0,2.031619591,1.377230119,1.909121772,1.77,"('KDTFIVY', 21, 27)",2,KDTFIVY,21,27,1,...[FWY]..[WFY]
676782,PLRLTRYLNWIGVPTREFNVGQYRRDVVKTYKSFEFL,0,3.119975469,6.613136578,7.554282659,7.042227113,7.866937926,677462,23,109,649,201,23,34,34,6,1039,sp|Q16877|F264_HUMAN,100.0,33.0,0.0,0.0,1.0,33.0,59.0,91.0,7.38e-18,73.2,1.63312332,1.511045447,2.08773622,1.74,"('LTRYLNW', 3, 9)",4,LTRYLNW,3,9,1,...[FWY]..[WFY]
676782,PLRLTRYLNWIGVPTREFNVGQYRRDVVKTYKSFEFL,0,3.119975469,6.613136578,7.554282659,7.042227113,7.866937926,677462,23,109,649,201,23,34,34,6,1039,sp|Q16877|F264_HUMAN,100.0,33.0,0.0,0.0,1.0,33.0,59.0,91.0,7.38e-18,73.2,1.63312332,1.511045447,2.08773622,1.74,"('YLNWIGV', 6, 12)",4,YLNWIGV,6,12,1,...[FWY]..[LVI]
676782,PLRLTRYLNWIGVPTREFNVGQYRRDVVKTYKSFEFL,0,3.119975469,6.613136578,7.554282659,7.042227113,7.866937926,677462,23,109,649,201,23,34,34,6,1039,sp|Q16877|F264_HUMAN,100.0,33.0,0.0,0.0,1.0,33.0,59.0,91.0,7.38e-18,73.2,1.63312332,1.511045447,2.08773622,1.74,"('VKTYKSF', 27, 33)",4,VKTYKSF,27,33,1,...[FWY]..[WFY]
676782,PLRLTRYLNWIGVPTREFNVGQYRRDVVKTYKSFEFL,0,3.119975469,6.613136578,7.554282659,7.042227113,7.866937926,677462,23,109,649,201,23,34,34,6,1039,sp|Q16877|F264_HUMAN,100.0,33.0,0.0,0.0,1.0,33.0,59.0,91.0,7.38e-18,73.2,1.63312332,1.511045447,2.08773622,1.74,"('YKSFEFL', 30, 36)",4,YKSFEFL,30,36,1,...[FWY]..[LVI]
417520,PLRGFWTGLGTGGILGYLFGSNRAATPFSDSWYYPSYPP,0,4.26468048,7.155232429,7.596717925,7.219104875,7.423331275,417904,23,241,945,207,26,25,36,6,1467,sp|Q96BY9|SARAF_HUMAN,100.0,36.0,0.0,0.0,1.0,36.0,262.0,297.0,6.96e-19,75.9,1.65122301,1.584567939,1.901912937,1.71,"('RGFWTGL', 2, 8)",2,RGFWTGL,2,8,1,...[FWY]..[LVI]
417520,PLRGFWTGLGTGGILGYLFGSNRAATPFSDSWYYPSYPP,0,4.26468048,7.155232429,7.596717925,7.219104875,7.423331275,417904,23,241,945,207,26,25,36,6,1467,sp|Q96BY9|SARAF_HUMAN,100.0,36.0,0.0,0.0,1.0,36.0,262.0,297.0,6.96e-19,75.9,1.65122301,1.584567939,1.901912937,1.71,"('SWYYPSY', 30, 36)",2,SWYYPSY,30,36,1,...[FWY]..[WFY]
472878,PLRHAHSQSAEAERPANTSPWQYLAL,0,5.012249301,7.504282114,8.055609714,7.810901567,6.355504461,473296,27,475,1413,334,46,14,23,6,2309,sp|P55268|LAMB2_HUMAN,93.75,16.0,1.0,0.0,1.0,16.0,1335.0,1350.0,0.004,30.8,1.846951701,1.830559107,1.454608815,1.71,"('TSPWQYL', 17, 23)",2,TSPWQYL,17,23,1,...[FWY]..[LVI]
472878,PLRHAHSQSAEAERPANTSPWQYLAL,0,5.012249301,7.504282114,8.055609714,7.810901567,6.355504461,473296,27,475,1413,334,46,14,23,6,2309,sp|P55268|LAMB2_HUMAN,93.75,16.0,1.0,0.0,1.0,16.0,1335.0,1350.0,0.004,30.8,1.846951701,1.830559107,1.454608815,1.71,"('PWQYLAL', 19, 25)",2,PWQYLAL,19,25,1,...[FWY]..[LVI]
654755,PLRMPNTSVVLDTDAEFVILLLFLLLLFFFFRASFA,0,4.431675553,7.914457215,8.140802109,7.387362599,6.622836744,655397,407,4788,28304,5341,517,254,33,6,39611,sp|Q9ULI3|HEG1_HUMAN,100.0,15.0,0.0,0.0,1.0,15.0,642.0,656.0,0.000175,35.4,1.883288363,1.654507353,1.566592173,1.7,"('DAEFVIL', 13, 19)",3,DAEFVIL,13,19,1,...[FWY]..[LVI]
654755,PLRMPNTSVVLDTDAEFVILLLFLLLLFFFFRASFA,0,4.431675553,7.914457215,8.140802109,7.387362599,6.622836744,655397,407,4788,28304,5341,517,254,33,6,39611,sp|Q9ULI3|HEG1_HUMAN,100.0,15.0,0.0,0.0,1.0,15.0,642.0,656.0,0.000175,35.4,1.883288363,1.654507353,1.566592173,1.7,"('LLLFLLL', 19, 25)",3,LLLFLLL,19,25,1,...[FWY]..[LVI]
654755,PLRMPNTSVVLDTDAEFVILLLFLLLLFFFFRASFA,0,4.431675553,7.914457215,8.140802109,7.387362599,6.622836744,655397,407,4788,28304,5341,517,254,33,6,39611,sp|Q9ULI3|HEG1_HUMAN,100.0,15.0,0.0,0.0,1.0,15.0,642.0,656.0,0.000175,35.4,1.883288363,1.654507353,1.566592173,1.7,"('LLLFFFF', 24, 30)",3,LLLFFFF,24,30,1,...[FWY]..[WFY]
683178,PLRLWQPHSSKQDDMWEHIAISML,0,4.420855669,9.95503262,12.10413711,12.85485158,13.58494807,683868,244,2849,69810,49946,13714,18986,21,6,155549,sp|Q96RS6|NUDC1_HUMAN,100.0,17.0,0.0,0.0,1.0,17.0,465.0,481.0,4.55e-07,42.0,3.573748709,3.927169607,4.482964995,3.99,"('DDMWEHI', 12, 18)",1,DDMWEHI,12,18,1,...[FWY]..[LVI]
426137,PLRVIEEADLDGDGSWALLTSRT,0,6.061219645,10.52118265,11.960512,12.78638821,12.78200885,426523,10,364,4236,1853,536,446,20,6,7445,sp|O75838|CIB2_HUMAN,100.0,11.0,0.0,0.0,1.0,11.0,152.0,162.0,0.071,27.3,3.512489048,3.898711548,4.146620167,3.85,"('DGSWALL', 12, 18)",1,DGSWALL,12,18,1,...[FWY]..[LVI]
480519,PLRLHNPESGEEAVALLEELQRDLGWDILA,0,5.191721669,10.33467737,12.02097395,12.59445283,12.50948792,480943,13,259,4839,2512,610,480,27,6,8713,sp|P59923|ZN445_HUMAN,100.0,21.0,0.0,0.0,1.0,21.0,117.0,137.0,1.01e-08,47.0,3.538277568,3.81893008,4.032463327,3.8,"('DLGWDIL', 22, 28)",1,DLGWDIL,22,28,1,...[FWY]..[LVI]
139933,PLRASTISSNASKGREAMEWVIIN,0,5.98577709,9.823032281,11.82611941,12.32088775,12.06277394,140043,11,380,2872,1857,427,298,21,6,5845,sp|Q9Y3B1|PLD3B_HUMAN,100.0,19.0,0.0,0.0,1.0,19.0,146.0,164.0,1.28e-06,40.4,3.455167286,3.705217731,3.845338411,3.67,"('AMEWVII', 16, 22)",1,AMEWVII,16,22,1,...[FWY]..[LVI]
447878,PLRRPSETGSDDDWEYLLNSDYHQNVESHL,0,5.085347916,9.552476827,11.44220798,12.25492614,12.51681633,448284,144,2665,31168,18630,5340,5344,27,6,63291,sp|Q9H1A4|APC1_HUMAN,100.0,27.0,0.0,0.0,1.0,27.0,697.0,723.0,1.19e-13,60.8,3.291419572,3.677799573,4.035533141,3.67,"('DDDWEYL', 10, 16)",1,DDDWEYL,10,16,1,...[FWY]..[LVI]
154844,PLRDVWEILRRHRHLSTSASPSSTASLTCAAC,0,5.552485445,9.660099398,11.50004191,12.16979161,11.91036736,154968,24,614,5597,3232,839,585,29,6,10891,sp|O75787|RENR_HUMAN,44.444,18.0,10.0,0.0,1.0,18.0,192.0,209.0,1.5,24.3,3.316087173,3.642411844,3.781496509,3.58,"('RDVWEIL', 2, 8)",1,RDVWEIL,2,8,1,...[FWY]..[LVI]
152494,PLRAVNFTQEEWTLLDISQKNLS,0,4.203040464,9.271329573,11.29518338,11.92389173,12.16697549,152617,25,251,4453,2921,737,728,20,6,9115,sp|Q9H0M5|ZN700_HUMAN,100.0,19.0,0.0,0.0,1.0,19.0,30.0,48.0,5.29e-08,44.3,3.228709946,3.54019904,3.888987608,3.55,"('QEEWTLL', 8, 14)",1,QEEWTLL,8,14,1,...[FWY]..[LVI]
285948,PLREKNVYCQQTLCTSELFEDLTWFLSNDQTLI,0,5.191721669,10.14743127,11.69285866,11.96383921,11.56259926,286200,13,259,4250,2001,394,249,30,6,7166,sp|Q8NA31|TERB1_HUMAN,89.655,29.0,3.0,0.0,1.0,29.0,88.0,116.0,5.86e-13,58.9,3.398328283,3.556803945,3.63581923,3.53,"('SELFEDL', 15, 21)",1,SELFEDL,15,21,1,...[FWY]..[LVI]
903351,PLRSVSTLLDTNILAPATDLLMSWVML,0,5.020077547,9.389505846,11.19532099,11.79085562,12.18663247,904290,77,1362,14886,8395,2070,2273,24,6,29063,sp|Q9UKF2|ADA30_HUMAN,100.0,15.0,0.0,0.0,1.0,15.0,320.0,334.0,0.000759,33.1,3.186116171,3.484900138,3.897221759,3.52,"('LMSWVML', 20, 26)",1,LMSWVML,20,26,1,...[FWY]..[LVI]
434295,PLRVLDGTDAWDSATETKTFLVSQDIQDEGWETLEVSSA,0,5.968899677,9.256362027,10.94981404,11.43533397,11.2324145,434688,174,5941,30673,16002,3656,2651,36,6,59097,sp|Q9UK05|GDF2_HUMAN,100.0,36.0,0.0,0.0,1.0,36.0,175.0,210.0,2.9e-18,74.3,3.081401386,3.337121031,3.497507474,3.31,"('DEGWETL', 27, 33)",1,DEGWETL,27,33,1,...[FWY]..[LVI]
609621,PLRMEGGHAPEEEIWEELSVMEVYDGREHSAYGEPRKLL,0,6.002444025,9.566990242,10.95791065,11.3543647,11.28550712,610201,207,7234,45257,19144,4112,3272,36,6,79226,sp|P43355|MAGA1_HUMAN,100.0,36.0,0.0,0.0,1.0,36.0,204.0,239.0,1.29e-19,77.4,3.08485479,3.303464667,3.519747546,3.3,"('EEIWEEL', 11, 17)",1,EEIWEEL,11,17,1,...[FWY]..[LVI]
353779,PLRLEFLEELKKINYQVDSWEEI,0,6.38314774,9.572043582,11.09780317,11.26719348,10.85147367,354085,20,910,4388,2038,374,234,20,6,7964,sp|Q13635|PTC1_HUMAN,95.0,20.0,1.0,0.0,1.0,20.0,262.0,281.0,1.92e-08,45.8,3.144522407,3.267230345,3.337934401,3.25,"('VDSWEEI', 16, 22)",1,VDSWEEI,16,22,1,...[FWY]..[LVI]
7260,PLRTADRWDDEDWGSLEQEAESVLAQQDDWSTGGQVSRA,0,6.227338429,9.504886536,10.86361403,11.29812534,10.95597634,7265,38,1552,7958,3292,726,478,36,6,14044,sp|Q96KG9|SCYL1_HUMAN,100.0,36.0,0.0,0.0,1.0,36.0,640.0,675.0,1.45e-18,75.5,3.044634952,3.280087741,3.381709735,3.24,"('DEDWGSL', 9, 15)",1,DEDWGSL,9,15,1,...[FWY]..[LVI]
34620,PLRSSENWEIIREDEATMYSSQAFPSPPPSSNLDVPTHL,0,6.616110273,9.201556107,10.69209952,10.95164653,10.81666076,34654,38,2032,6449,2923,571,434,36,6,12447,sp|P46934|NEDD4_HUMAN,97.222,36.0,1.0,0.0,1.0,36.0,681.0,716.0,9.85e-19,75.9,2.971479776,3.13606746,3.323351553,3.14,"('SENWEII', 4, 10)",1,SENWEII,4,10,1,...[FWY]..[LVI]
440389,PLRGWDAMKGTTTIEKYDLPNSWLILAP,0,5.737473825,8.881202432,10.30841676,10.93299804,10.89300022,440788,24,698,3262,1415,356,289,25,6,6044,sp|Q9C0H6|KLHL4_HUMAN,86.364,22.0,2.0,1.0,1.0,21.0,436.0,457.0,4.35e-06,39.3,2.807829593,3.128315872,3.355329544,3.1,"('PNSWLIL', 19, 25)",1,PNSWLIL,19,25,1,...[FWY]..[LVI]
893509,PLRSRPSPDSSESDWETLDPSVLEDPNLKEREQLGSDQT,0,6.3998372,9.023159648,10.43933531,10.48224128,10.71939994,894434,34,1565,5099,2195,369,363,36,6,9625,sp|Q8NBF6|AVL9_HUMAN,100.0,36.0,0.0,0.0,1.0,36.0,320.0,355.0,2.61e-18,74.7,2.863669589,2.94095054,3.282609771,3.03,"('ESDWETL', 11, 17)",1,ESDWETL,11,17,1,...[FWY]..[LVI]
13981,PLRAASWESQRARDTLPQSESHQEESWLSVGPGGEITEL,0,4.654963031,9.024724383,10.49861279,10.57828001,10.48360929,13997,15,206,2252,1009,174,136,36,6,3792,sp|Q15361|TTF1_HUMAN,100.0,36.0,0.0,0.0,1.0,36.0,175.0,210.0,3.35e-19,77.0,2.8889529,2.980870805,3.183838951,3.02,"('EESWLSV', 23, 29)",1,EESWLSV,23,29,1,...[FWY]..[LVI]
231914,PLRYILNGGSEEWEDLTSAPSAAVTAEKNSVLPGERLVR,0,5.794724445,8.721867524,10.25156912,10.61888802,10.58589001,232105,610,18459,74240,34575,7278,5937,36,6,141099,sp|Q12866|MERTK_HUMAN,100.0,36.0,0.0,0.0,1.0,36.0,929.0,964.0,2.01e-18,75.1,2.78358267,2.997750268,3.226683528,3.0,"('SEEWEDL', 9, 15)",1,SEEWEDL,9,15,1,...[FWY]..[LVI]
34168,PLRLLLEPGNSEMQIPVKQNEARTETLNSFTVLETVIE,0,6.463421511,8.500315831,10.02413915,10.41306481,10.3337993,34201,29,1395,3027,1404,300,237,35,6,6392,sp|Q9Y6B7|AP4B1_HUMAN,91.429,35.0,2.0,1.0,1.0,34.0,697.0,731.0,2.17e-13,60.5,2.686578165,2.91219607,3.121084742,2.91,"('LNSFTVL', 26, 32)",1,LNSFTVL,26,32,1,...[FWY]..[LVI]
735468,PLRNEPWEEEWTLLGKEELSGSLLQSVQEALEERSLTIR,0,6.129162817,8.772635565,10.27039137,10.47567441,10.02709919,736226,219,8356,27608,12576,2366,1447,36,6,52572,sp|Q12851|M4K2_HUMAN,100.0,36.0,0.0,0.0,1.0,36.0,349.0,384.0,2.33e-17,72.0,2.791610822,2.938220902,2.992610517,2.91,"('EEEWTLL', 7, 13)",1,EEEWTLL,7,13,1,...[FWY]..[LVI]
62658,PLRPHSHAFIDLTEDFTADLFLTTLNATTSTFQFEI,0,5.857482423,8.719616268,10.00261863,10.01464128,10.26426747,62704,33,1043,4010,1574,259,257,33,6,7176,sp|Q8TB96|TIP_HUMAN,100.0,33.0,0.0,0.0,1.0,33.0,204.0,236.0,4.49e-16,68.2,2.677399131,2.74658401,3.091958417,2.84,"('SHAFIDL', 5, 11)",1,SHAFIDL,5,11,1,...[FWY]..[LVI]
208465,PLRNAEYEYEVTEEDWETIILVFPQRMPND,0,4.708243114,8.792639631,10.15016945,9.999866611,9.849645734,208636,108,1539,13805,5706,839,631,27,6,22628,sp|O76064|RNF8_HUMAN,100.0,16.0,0.0,0.0,1.0,16.0,117.0,132.0,3.71e-05,37.0,2.740333205,2.740442647,2.918276683,2.8,"('EEDWETI', 12, 18)",1,EEDWETI,12,18,1,...[FWY]..[LVI]
260142,PLRNTLSSGADYPDELQCWMLLC,0,5.702042813,8.589184139,9.805304547,10.13908865,9.715065791,260365,90,2554,9991,3744,770,479,20,6,17628,sp|Q8NHM4|TRY6_HUMAN,100.0,15.0,0.0,0.0,1.0,15.0,146.0,160.0,5.57e-05,35.8,2.593239798,2.798312847,2.86190222,2.75,"('LQCWMLL', 15, 21)",1,LQCWMLL,15,21,1,...[FWY]..[LVI]
30766,PLRTEGSLEWDILEVKRLLDHQDNILSLINVNI,0,6.217484765,8.790861947,10.06323164,9.926749895,9.556793634,30794,39,1582,4979,1940,288,186,30,6,9014,sp|Q9HAD4|WDR41_HUMAN,100.0,29.0,0.0,0.0,1.0,29.0,204.0,232.0,3.43e-13,59.7,2.703252079,2.710050341,2.795603277,2.74,"('SLEWDIL', 6, 12)",1,SLEWDIL,6,12,1,...[FWY]..[LVI]
794151,PLRPTGEPQQEDDEFLMATDVDDRFETLEPEVSHEETEH,0,6.018736314,9.004077232,10.09921827,9.843127013,9.642887044,794975,32,1131,4736,1632,223,162,36,6,7916,sp|Q12797|ASPH_HUMAN,100.0,36.0,0.0,0.0,1.0,36.0,175.0,210.0,2.08e-18,75.1,2.718601264,2.675290953,2.831667119,2.74,"('DDRFETL', 21, 27)",1,DDRFETL,21,27,1,...[FWY]..[LVI]
77801,PLRSKTMMHILSQPNTFPTVVNSIN,0,5.597819124,8.596817083,9.655611614,9.929752384,9.911846284,77860,10,264,1116,375,74,61,22,6,1900,sp|Q86T65|DAAM2_HUMAN,33.333,21.0,14.0,0.0,1.0,21.0,188.0,208.0,8.6,21.6,2.529392062,2.71129838,2.944331996,2.73,"('PNTFPTV', 13, 19)",1,PNTFPTV,13,19,1,...[FWY]..[LVI]
310252,PLRELDPALDNVLERTSLNWVYL,0,5.360064127,8.684719219,9.774537311,10.13908865,9.303037041,310523,18,403,2135,733,154,72,20,6,3515,sp|Q8TE73|DYH5_HUMAN,100.0,12.0,0.0,0.0,1.0,12.0,3655.0,3666.0,0.036,28.1,2.580116811,2.798312847,2.689306668,2.69,"('SLNWVYL', 16, 22)",1,SLNWVYL,16,22,1,...[FWY]..[LVI]
103273,PLRAPDFVGDILWEHLEILQKEDVKPYQVNGVNPAYPES,0,6.455800119,8.581873475,9.810497216,9.615116781,9.595818791,103352,20,957,2209,835,119,98,36,6,4238,sp|P14921|ETS1_HUMAN,100.0,36.0,0.0,0.0,1.0,36.0,117.0,152.0,1.35e-19,78.2,2.595454599,2.580514311,2.811950604,2.66,"('DILWEHL', 9, 15)",1,DILWEHL,9,15,1,...[FWY]..[LVI]
27343,PLRSDNLPVAIKHVEKDRISDWGELLMAPVCRWKWSC,0,5.523728307,8.168640472,9.576141564,9.924390623,9.425027566,27371,51,1279,4230,1810,376,222,34,6,7968,sp|P11309|PIM1_HUMAN,100.0,22.0,0.0,0.0,1.0,22.0,59.0,80.0,4.82e-09,48.1,2.495496121,2.709069666,2.740407524,2.65,"('ISDWGEL', 18, 24)",1,ISDWGEL,18,24,1,...[FWY]..[LVI]
445184,PLRGPGEDRETLGLKTSSSLPEAWGLLDDDDGMYGEREA,0,6.029681246,8.514178295,9.587640264,9.91457929,9.404123166,445588,31,1104,3267,1109,227,133,36,6,5871,sp|O75807|PR15A_HUMAN,100.0,36.0,0.0,0.0,1.0,36.0,88.0,123.0,2.58e-18,74.7,2.5004006,2.704991405,2.731650838,2.65,"('PEAWGLL', 20, 26)",1,PEAWGLL,20,26,1,...[FWY]..[LVI]
645771,PLRLLSLYDNKLQTISKGLFAPLQSI,0,4.996368501,8.740652856,9.417747784,9.910123577,9.566071447,646394,10,174,1233,318,73,48,23,6,1856,sp|O75094|SLIT3_HUMAN,100.0,23.0,0.0,0.0,1.0,23.0,407.0,429.0,7.11e-10,50.1,2.427937258,2.703139306,2.799489679,2.64,"('KGLFAPL', 16, 22)",1,KGLFAPL,16,22,1,...[FWY]..[LVI]
688588,PLRMAEGDAGSDQRQNEEIEAMAAIYGEEWCVIDDCAKI,0,4.988053233,8.742406892,9.815671263,9.786388208,9.209927637,689286,20,346,2469,838,134,75,36,6,3882,sp|Q9P2X3|IMPCT_HUMAN,100.0,36.0,0.0,0.0,1.0,36.0,1.0,36.0,3.07e-19,76.6,2.597661458,2.651706427,2.650303882,2.63,"('GEEWCVI', 26, 32)",1,GEEWCVI,26,32,1,...[FWY]..[LVI]
714134,PLRMNPDDTFEVLVDQTVVNKGSLLEDVVPPIKPPKEIE,0,5.520996311,8.33949581,9.669577898,9.759140744,9.154416587,714866,355,8886,33146,13442,2334,1281,36,6,59444,sp|O14967|CLGN_HUMAN,100.0,36.0,0.0,0.0,1.0,36.0,233.0,268.0,8.49e-18,73.2,2.535349027,2.640380518,2.627050747,2.6,"('DDTFEVL', 6, 12)",1,DDTFEVL,6,12,1,...[FWY]..[LVI]
947957,PLRVVEKEELNMIDNFFSEPTTKSWEIITVEEAKRRKST,0,5.931675316,8.502077555,9.674720437,9.570078977,9.179301673,948966,73,2429,7629,2774,421,268,36,6,13594,sp|Q8NI08|NCOA7_HUMAN,100.0,36.0,0.0,0.0,1.0,36.0,726.0,761.0,3.21e-18,74.3,2.537542447,2.56179352,2.63747491,2.58,"('TKSWEII', 21, 27)",1,TKSWEII,21,27,1,...[FWY]..[LVI]
92886,PLRISQGTLTNETRCLTCETISSKDEDFLDLSVDVEQNT,0,6.068766454,8.285748145,9.585746808,9.560075418,9.235922845,92958,22,805,1979,786,126,84,36,6,3802,sp|O75317|UBP12_HUMAN,97.222,36.0,1.0,0.0,1.0,36.0,175.0,210.0,1.91e-17,72.0,2.499592995,2.557635357,2.661193067,2.57,"('DEDFLDL', 24, 30)",1,DEDFLDL,24,30,1,...[FWY]..[LVI]
113768,PLRTQWQPRNCDPMVDFLDSWVHIIPV,0,6.636904332,8.633827654,9.712195143,9.523353803,9.040002635,113852,12,651,1374,468,67,40,24,6,2612,sp|Q9UBB9|TFP11_HUMAN,100.0,24.0,0.0,0.0,1.0,24.0,494.0,517.0,6.72e-13,58.5,2.553526335,2.542371343,2.579123656,2.56,"('LDSWVHI', 17, 23)",1,LDSWVHI,17,23,1,...[FWY]..[LVI]
370690,PLRLLDTALQTPVSKQDDVVQLELPVTEAQQSYQHV,0,4.816800918,8.966369303,9.537216914,9.752720496,8.797801733,371022,11,169,1586,380,72,31,33,6,2249,sp|Q9NR09|BIRC6_HUMAN,100.0,28.0,0.0,0.0,1.0,28.0,145.0,172.0,7.68e-12,56.2,2.478893795,2.637711823,2.477667633,2.53,"('QQSYQHV', 29, 35)",1,QQSYQHV,29,35,1,...[FWY]..[LVI]
37720,PLRALEDSEQKHNLLHSIFMDLEDLSIIFETDD,0,6.632909789,8.988888249,9.736041885,9.212152114,8.95838887,37755,20,1082,2929,793,90,63,30,6,4977,sp|Q8WXH0|SYNE2_HUMAN,96.667,30.0,1.0,0.0,1.0,30.0,3830.0,3859.0,1.43e-13,60.8,2.56369756,2.413014643,2.544936302,2.51,"('HSIFMDL', 15, 21)",1,HSIFMDL,15,21,1,...[FWY]..[LVI]
415071,PLRREVKSYLIETLHSLIDNLYPEENWTVLL,0,4.691641147,8.154723452,9.387046745,9.343093592,9.171792508,415453,69,972,5668,2148,340,252,28,6,9449,sp|Q9UM21|MGT4A_HUMAN,100.0,22.0,0.0,0.0,1.0,22.0,146.0,167.0,8.48e-09,47.4,2.414842506,2.467442875,2.634329381,2.51,"('EENWTVL', 23, 29)",1,EENWTVL,23,29,1,...[FWY]..[LVI]
271236,PLRKDPNVIPNLKLLSDSSGQWIILGTE,0,5.078169983,7.921961239,9.410539443,9.134485621,9.137359011,271472,53,976,3705,1677,226,189,25,6,6826,sp|Q9BRQ4|CF300_HUMAN,100.0,25.0,0.0,0.0,1.0,25.0,68.0,92.0,1.36e-12,57.4,2.424862723,2.380731138,2.619905464,2.48,"('SGQWIIL', 18, 24)",1,SGQWIIL,18,24,1,...[FWY]..[LVI]
607687,PLRLEAERSLMSSPEDLTKDFEELKAEEVDVTKDIKPQL,0,5.68600712,8.032293474,9.165837829,9.378876713,9.182541749,608266,78,2189,5886,2083,394,287,36,6,10917,sp|P46821|MAP1B_HUMAN,100.0,36.0,0.0,0.0,1.0,36.0,823.0,858.0,2.62e-17,71.6,2.320491436,2.482316786,2.638832153,2.48,"('TKDFEEL', 17, 23)",1,TKDFEEL,17,23,1,...[FWY]..[LVI]
778056,PLRPLYMNLQKLLEMVREDARRTVTIENGMQRKAPSLLS,0,5.066973172,7.99518814,9.205766045,9.337682996,9.165533518,778862,11,201,809,302,54,40,36,6,1417,sp|Q8IWA6|CCD60_HUMAN,97.222,36.0,1.0,0.0,1.0,36.0,291.0,326.0,1.79e-18,75.1,2.337521807,2.465193861,2.63170754,2.48,"('RPLYMNL', 2, 8)",1,RPLYMNL,2,8,1,...[FWY]..[LVI]
778793,PLRPNDSVLENKSLQENEEEEIGNLELAWDMLDLAEIMF,0,4.513308688,8.473098253,9.314914884,9.254065756,9.08064462,779600,49,610,5019,1451,227,168,36,6,7524,sp|P49321|NASP_HUMAN,94.444,36.0,2.0,0.0,1.0,36.0,494.0,529.0,1.79e-17,72.4,2.384076485,2.430436819,2.596148259,2.47,"('ELAWDML', 25, 31)",1,ELAWDML,25,31,1,...[FWY]..[LVI]
675186,PLRLTDSALRAFESYRARQDSVSLRPSIRFQGSQGHISI,0,4.890303441,7.889141465,9.00673735,8.949117708,9.418514259,675864,12,194,820,287,45,52,36,6,1410,sp|P55199|ELL_HUMAN,100.0,36.0,0.0,0.0,1.0,36.0,30.0,65.0,2.69e-18,74.7,2.252631149,2.30367956,2.737679152,2.43,"('LRAFESY', 8, 14)",1,LRAFESY,8,14,1,...[FWY]..[WFY]
84042,PLRLFHHLRIHTGEKPYQCNQCNKSFSRR,0,5.329309588,7.935879525,8.929293265,9.212152114,9.144339295,84104,12,263,847,272,54,43,26,6,1491,sp|Q3MJ62|ZSC23_HUMAN,100.0,26.0,0.0,0.0,1.0,26.0,320.0,345.0,2.63e-13,59.7,2.219599332,2.413014643,2.62282945,2.42,"('LRLFHHL', 1, 7)",1,LRLFHHL,1,7,1,...[FWY]..[LVI]
654794,PLRVPPAKPEVTTTGAEFIDSTEQLEEFDLEEDFEILSV,0,5.868008249,8.19528987,9.472552585,8.998748476,8.715818567,655436,160,5094,13518,5285,621,426,36,6,25104,sp|Q8WYN0|ATG4A_HUMAN,100.0,36.0,0.0,0.0,1.0,36.0,363.0,398.0,1.44e-17,72.4,2.451312861,2.3243095,2.44332554,2.41,"('EEDFEIL', 30, 36)",1,EEDFEIL,30,36,1,...[FWY]..[LVI]
943706,PLRVSSPKPQIIYGARGTRYQHL,0,5.160755319,8.489504059,9.244416182,9.077851023,8.735996449,944709,10,195,1036,282,41,27,20,6,1591,sp|Q9C035|TRIM5_HUMAN,100.0,18.0,0.0,0.0,1.0,18.0,320.0,337.0,1.33e-07,43.1,2.354007045,2.357189927,2.451777893,2.39,"('GTRYQHL', 16, 22)",1,GTRYQHL,16,22,1,...[FWY]..[LVI]
363699,PLRFIAIKSIDKSNLTSKVSNIAQVYPSSKS,0,4.687606821,7.955935737,8.904840221,8.953690438,8.768700614,364025,21,295,1503,468,79,58,28,6,2424,sp|Q14CN2|CLCA4_HUMAN,100.0,22.0,0.0,0.0,1.0,22.0,842.0,863.0,1.75e-07,43.5,2.209169504,2.305580299,2.465477407,2.33,"('PLRFIAI', 0, 6)",1,PLRFIAI,0,6,1,...[FWY]..[LVI]
561609,PLRMHKLNNAFQALREVIPHVRADKKLSKIETLTPA,0,4.651847058,8.222751365,8.993833517,9.16998266,8.355504461,562131,27,370,2325,640,118,56,33,6,3536,sp|Q7RTS1|BHA15_HUMAN,96.97,33.0,1.0,0.0,1.0,33.0,88.0,120.0,6.99e-14,60.5,2.247127345,2.395486135,2.292392839,2.31,"('NNAFQAL', 7, 13)",1,NNAFQAL,7,13,1,...[FWY]..[LVI]
571209,PLRKLIGVHCTHGLNRTGYLFAVI,0,4.407848181,8.142930488,8.456540267,8.989759693,8.768700614,571742,21,243,1711,343,81,58,21,6,2457,sp|O75319|DUS11_HUMAN,100.0,17.0,0.0,0.0,1.0,17.0,193.0,209.0,2.13e-07,42.7,2.017958493,2.320573147,2.465477407,2.27,"('GYLFAVI', 17, 23)",1,GYLFAVI,17,23,1,...[FWY]..[LVI]
395582,PLRFVRFHEDGARTKALLGKLFAAMNL,0,4.869706537,8.351129921,8.989035348,8.686083303,8.432320058,395950,16,255,1506,378,50,35,24,6,2240,sp|O15550|KDM6A_HUMAN,100.0,17.0,0.0,0.0,1.0,17.0,59.0,75.0,1.69e-06,40.4,2.245080807,2.194344476,2.324570279,2.25,"('PLRFVRF', 0, 6)",1,PLRFVRF,0,6,1,...[FWY]..[WFY]
437169,PLRRMPTFPSTEPIYLSLPGQSHISHIL,0,5.542109692,7.894760537,8.674720437,8.578280013,8.681548665,437564,10,254,686,190,29,26,25,6,1195,sp|O00443|P3C2A_HUMAN,100.0,19.0,0.0,0.0,1.0,19.0,175.0,193.0,1.55e-07,43.5,2.111017728,2.149534058,2.428970151,2.23,"('EPIYLSL', 11, 17)",1,EPIYLSL,11,17,1,...[FWY]..[LVI]
20702,PLRADEGWHILQDKSDDFLLGNHGYDNALADMHPIFLAH,0,5.880218855,7.999855736,8.835725061,8.962056764,7.976226725,20724,37,1188,2730,786,140,59,36,6,4940,sp|Q9UJA9|ENPP5_HUMAN,97.222,36.0,1.0,0.0,1.0,36.0,320.0,355.0,3.64e-19,77.0,2.17969018,2.309057916,2.133516425,2.21,"('DEGWHIL', 4, 10)",1,DEGWHIL,4,10,1,...[FWY]..[LVI]
596828,PLRMAPASASGEDLRKLPTMAEVNGEQDFIDLTRETRPR,0,6.035512659,7.632927377,8.746658552,8.867140406,8.173754024,597399,70,2503,4005,1398,248,128,36,6,8352,sp|Q8NDZ2|SIMC1_HUMAN,100.0,36.0,0.0,0.0,1.0,36.0,1.0,36.0,6.38e-19,76.3,2.141701113,2.269604188,2.216259033,2.21,"('EQDFIDL', 25, 31)",1,EQDFIDL,25,31,1,...[FWY]..[LVI]
832233,PLRRDAAQALMTFFNKVLPMNQKTV,0,4.37253964,7.593365658,8.552636857,8.932998043,8.332784385,833097,24,271,1336,419,89,49,22,6,2188,sp|Q9P2N2|RHG28_HUMAN,75.0,20.0,5.0,0.0,1.0,20.0,508.0,527.0,0.001,32.3,2.058946064,2.296979125,2.28287558,2.21,"('MTFFNKV', 10, 16)",1,MTFFNKV,10,16,1,...[FWY]..[LVI]
394324,PLRLVGIMPLSSAFMVILLSRHQRCSPHLHSTSFLLRTS,0,5.454840471,7.794623866,8.426792924,8.79224886,8.428567923,394690,11,263,704,176,37,24,36,6,1215,sp|Q9BXE9|VN1R3_HUMAN,40.0,35.0,21.0,0.0,2.0,36.0,194.0,228.0,0.02,29.6,2.005270516,2.238474141,2.32299854,2.19,"('SSAFMVI', 10, 16)",1,SSAFMVI,10,16,1,...[FWY]..[LVI]
551783,PLRKEQEVWKPGHNILVKMRKKINHWCGLFIQHLLATH,0,1.037624529,5.597063298,7.92321875,8.809781027,8.910719618,552291,42,47,586,474,143,128,35,6,1420,sp|A4IF30|S35F4_HUMAN,94.737,19.0,1.0,0.0,1.0,19.0,30.0,48.0,9.96e-08,44.7,1.790483683,2.245761708,2.524968033,2.19,"('INHWCGL', 22, 28)",1,INHWCGL,22,28,1,...[FWY]..[LVI]
902869,PLRSVPIAQMGNYQEYPSTFSTA,0,5.040555691,7.964548868,8.504237009,8.539726772,8.607891623,903807,17,305,1224,287,48,42,20,6,1923,sp|Q5JSJ4|INT6L_HUMAN,68.421,19.0,6.0,0.0,1.0,19.0,548.0,566.0,0.002,31.6,2.038302332,2.133508695,2.398115805,2.19,"('MGNYQEY', 9, 15)",1,MGNYQEY,9,15,1,...[FWY]..[WFY]
267068,PLREAELVSEETEGWEEVELELDEATRMNVVTSALEASG,0,5.827609,8.050439289,9.051283789,9.011853464,7.303037041,267302,24,743,1834,592,94,24,36,6,3311,sp|P54257|HAP1_HUMAN,100.0,36.0,0.0,0.0,1.0,36.0,581.0,616.0,2.14e-16,69.3,2.271631306,2.329756829,1.851522644,2.15,"('TEGWEEV', 11, 17)",1,TEGWEEV,11,17,1,...[FWY]..[LVI]
345429,PLRIADIHPIQVQPGRILSYPSLVGIRI,0,5.089672221,7.993068908,8.548326441,8.346007861,8.472962043,345731,32,594,2350,557,79,72,25,6,3684,sp|P46019|KPB2_HUMAN,94.118,17.0,1.0,0.0,1.0,17.0,465.0,481.0,9.02e-06,38.5,2.057107565,2.05298587,2.341594882,2.15,"('ILSYPSL', 16, 22)",1,ILSYPSL,16,22,1,...[FWY]..[LVI]
43935,PLRYFTATPRSFLAWGAQTFTSGNITGRSM,0,4.755771484,7.59258009,8.31608946,8.975112917,8.013530424,43974,11,162,612,163,42,18,27,6,1008,sp|A6NDI0|TR49B_HUMAN,100.0,20.0,0.0,0.0,1.0,20.0,320.0,339.0,1.58e-09,49.3,1.958052752,2.314484946,2.149142647,2.14,"('PRSFLAW', 8, 14)",1,PRSFLAW,8,14,1,...[FWY]..[WFY]
479149,PLRHGLSDLSQVFQPYTLRTRRNSTQL,0,5.030820049,8.077177723,8.527253106,8.639467943,8.105097664,479571,39,695,3036,669,118,68,24,6,4625,sp|Q7Z309|PBIR2_HUMAN,91.667,24.0,2.0,0.0,1.0,24.0,30.0,53.0,9.42e-10,49.7,2.048119266,2.174967945,2.187499432,2.14,"('SQVFQPY', 9, 15)",1,SQVFQPY,9,15,1,...[FWY]..[WFY]
540050,PLRMTLNEHAAFKHLFNKAHLARR,0,4.799117514,7.795286717,8.450465753,8.347081694,8.482360741,540538,34,516,2177,553,84,77,21,6,3441,sp|Q8TDD5|MCLN3_HUMAN,61.538,13.0,5.0,0.0,8.0,20.0,97.0,109.0,7.1,21.6,2.015367562,2.053432229,2.345531921,2.14,"('HAAFKHL', 8, 14)",1,HAAFKHL,8,14,1,...[FWY]..[LVI]
873776,PLRSWIPSSVAEALGIVPLQYVFV,0,5.542109692,7.828046868,8.667107253,8.674495328,7.887999542,874679,10,254,655,189,31,15,21,6,1154,sp|Q9NUX5|POTE1_HUMAN,100.0,21.0,0.0,0.0,1.0,21.0,523.0,543.0,4.07e-09,47.8,2.107770517,2.189527722,2.096558763,2.13,"('PLQYVFV', 17, 23)",1,PLQYVFV,17,23,1,...[FWY]..[LVI]
666280,PLRLRSPSSDLDTDAEGDDFELLDQSELSQLDPASSLA,0,6.150532936,7.86133706,8.800067899,8.246585611,8.064877304,666943,69,2672,4625,1430,159,117,35,6,9072,sp|Q86VR2|RETR3_HUMAN,100.0,33.0,0.0,0.0,1.0,33.0,431.0,463.0,1.92e-14,63.5,2.164481519,2.011659185,2.170651444,2.12,"('GDDFELL', 16, 22)",1,GDDFELL,16,22,1,...[FWY]..[LVI]
724253,PLRMSRLSKVAPVIKAYDGVWYHNGQLPTVG,0,5.018311054,7.524357891,7.859752331,8.863256972,8.350342756,725000,15,265,796,162,53,31,28,6,1322,sp|Q05329|DCE2_HUMAN,100.0,13.0,0.0,0.0,1.0,13.0,523.0,535.0,0.037,28.5,1.763413686,2.267989967,2.290230642,2.11,"('IKAYDGV', 13, 19)",1,IKAYDGV,13,19,1,...[FWY]..[LVI]
310347,PLRELESNLAVVNGANISVIQHESPAMYRLL,0,5.292438428,8.374111237,8.793909793,8.627189614,7.544045141,310618,11,235,1052,227,33,13,28,6,1571,sp|Q9NR09|BIRC6_HUMAN,100.0,23.0,0.0,0.0,1.0,23.0,783.0,805.0,6.3e-09,47.4,2.161854935,2.169864232,1.952479012,2.09,"('PAMYRLL', 24, 30)",1,PAMYRLL,24,30,1,...[FWY]..[LVI]
540215,PLRISWLHNGKTLDGNWNILRFIRGL,0,4.972765602,7.684440948,8.674720437,8.084047289,8.16977051,540703,17,291,1008,323,35,31,23,6,1705,sp|Q4KMG0|CDON_HUMAN,63.636,22.0,8.0,0.0,1.0,22.0,59.0,80.0,0.00016,34.7,2.111017728,1.944097145,2.214590371,2.09,"('DGNWNIL', 13, 19)",1,DGNWNIL,13,19,1,...[FWY]..[LVI]
785857,PLRPQNLAGYIWYKGQMKASTITFHHT,0,5.86630796,8.821423926,8.866416062,9.112616441,6.981108946,786671,10,318,1304,217,42,8,24,6,1899,sp|Q16557|PSG3_HUMAN,100.0,15.0,0.0,0.0,1.0,15.0,59.0,73.0,1.65e-05,37.7,2.192780651,2.371640812,1.716669537,2.09,"('LAGYIWY', 6, 12)",1,LAGYIWY,6,12,1,...[FWY]..[WFY]
187637,PLRSLPHELLSMTMLSIFISILNIYVMGVALQYVGKHS,0,5.985106952,8.63123121,8.886224543,8.042227113,7.85943039,187787,17,587,1943,374,34,25,35,6,2980,sp|Q96AY4|TTC28_HUMAN,72.727,11.0,3.0,0.0,25.0,35.0,133.0,143.0,2.7,23.9,2.201229457,1.926713821,2.084591373,2.07,"('LSIFISI', 14, 20)",1,LSIFISI,14,20,1,...[FWY]..[LVI]
597605,PLRLAQRALDEATKYALVRKTSVSCL,0,4.419673616,7.508869384,8.181680426,8.120229625,8.455040135,598176,18,210,945,243,38,40,23,6,1494,sp|P11310|ACADM_HUMAN,94.444,18.0,1.0,0.0,1.0,18.0,291.0,308.0,5.96e-05,36.2,1.900723976,1.959136998,2.334087538,2.06,"('ATKYALV', 11, 17)",1,ATKYALV,11,17,1,...[FWY]..[LVI]
672087,PLRLSSSSRAGHQEKEQYSRLSGGGHYNSQKTLSTSSI,0,5.951196858,7.948060745,8.708828292,8.226651684,7.750496018,672758,11,371,783,214,25,15,35,6,1419,sp|Q8TAV0|FA76A_HUMAN,100.0,35.0,0.0,0.0,1.0,35.0,146.0,180.0,2.46e-17,71.2,2.125565571,2.003373282,2.038959635,2.06,"('KEQYSRL', 14, 20)",1,KEQYSRL,14,20,1,...[FWY]..[LVI]
118253,PLRAQNSTPILYTILREQDAEGQDYCTRTALL,0,5.674094892,8.33248936,8.492882114,8.315245607,7.805537382,118344,12,334,1115,201,29,17,29,6,1708,sp|Q7Z7L1|SLN11_HUMAN,96.429,28.0,1.0,0.0,1.0,28.0,465.0,492.0,1.36e-13,60.8,2.033459189,2.040198974,2.062016023,2.05,"('PILYTIL', 8, 14)",1,PILYTIL,8,14,1,...[FWY]..[LVI]
457401,PLRRSDIRNIFMGLDKIKKTACGFCL,0,4.181161529,7.425598765,8.37840144,8.081755477,8.177506159,457809,36,356,1784,557,74,66,23,6,2873,sp|A6PVI3|NCB2L_HUMAN,95.652,23.0,1.0,0.0,1.0,23.0,61.0,83.0,6.36e-10,48.9,1.984630351,1.943144512,2.217830772,2.05,"('RNIFMGL', 7, 13)",1,RNIFMGL,7,13,1,...[FWY]..[LVI]
726936,PLRMTILESATHSRSHITAHRKFLLI,0,4.434320392,7.534163404,7.914058751,8.404797192,8.353663114,727686,14,165,748,157,36,29,23,6,1149,sp|Q5T7N3|KANK4_HUMAN,56.25,16.0,7.0,0.0,7.0,22.0,118.0,133.0,7.3,21.6,1.786576717,2.077422736,2.291621514,2.05,"('HRKFLLI', 19, 25)",1,HRKFLLI,19,25,1,...[FWY]..[LVI]
383139,PLRLQRIKYEEGKNKIGSESFAYQWLL,0,5.308312507,7.903148323,8.408645577,8.627189614,7.566071447,383487,10,216,690,158,30,12,24,6,1116,sp|Q32M45|ANO4_HUMAN,100.0,14.0,0.0,0.0,1.0,14.0,268.0,281.0,0.002,31.6,1.997530224,2.169864232,1.961705655,2.04,"('SFAYQWL', 19, 25)",1,SFAYQWL,19,25,1,...[FWY]..[LVI]
783154,PLRPPTGGRYLSIGDGSGWSLSS,0,4.623545949,8.142245235,8.415477611,7.565789069,8.472962043,783965,16,215,1303,254,23,36,20,6,1847,sp|P09131|P3_HUMAN,100.0,14.0,0.0,0.0,1.0,14.0,59.0,72.0,0.000662,32.7,2.000444255,1.728673594,2.341594882,2.02,"('GGRYLSI', 6, 12)",1,GGRYLSI,6,12,1,...[FWY]..[LVI]
94657,PLRAMAYAVTWPSVARCCTVSSFPIRLAFL,0,5.465770031,7.968187445,8.376752241,8.226651684,7.750496018,94731,11,265,794,170,25,15,27,6,1280,,,,,,,,,,,,1.983926927,2.003373282,2.038959635,2.01,"('AVTWPSV', 7, 13)",1,AVTWPSV,7,13,1,...[FWY]..[LVI]
605036,PLRLDKLLGAITTAAERNNRERFSPIVEV,0,3.26001695,6.94361821,7.785647588,8.068699324,8.548149539,605612,27,141,958,277,55,64,26,6,1522,sp|O60879|DIAP2_HUMAN,100.0,25.0,0.0,0.0,1.0,25.0,291.0,315.0,4.99e-10,50.4,1.731806181,1.937717482,2.373090323,2.01,"('RERFSPI', 19, 25)",1,RERFSPI,19,25,1,...[FWY]..[LVI]
661359,PLRLQTDYTSQVSFPLVPSASLESVERVLL,0,5.476257144,8.232029178,8.649185345,7.779192707,7.855578064,662019,15,364,1300,280,25,22,27,6,2006,sp|Q5SYB0|FRPD1_HUMAN,88.462,26.0,3.0,0.0,1.0,26.0,842.0,867.0,1.07e-08,47.0,2.10012638,1.817378737,2.082977665,2.0,"('QVSFPLV', 10, 16)",1,QVSFPLV,10,16,1,...[FWY]..[LVI]
792916,PLRPSSQFLAVGSYDGKVRILNT,0,4.947302942,8.292294289,8.506520116,8.390150416,7.428567923,793740,11,185,994,186,28,12,20,6,1416,sp|Q9P2S5|WRP73_HUMAN,100.0,19.0,0.0,0.0,1.0,19.0,233.0,251.0,1.1e-07,43.5,2.039276134,2.071334534,1.904106528,2.0,"('SSQFLAV', 4, 10)",1,SSQFLAV,4,10,1,...[FWY]..[LVI]
345427,PLRIADIHPIQVQPGRILSHIYANLVGIRI,0,4.470299689,7.947753625,8.463882243,7.916696231,7.805537382,345729,12,145,854,197,22,17,27,6,1247,sp|P46019|KPB2_HUMAN,95.455,22.0,1.0,0.0,1.0,22.0,465.0,486.0,2.53e-09,48.5,2.021090027,1.874534603,2.062016023,1.99,"('SHIYANL', 18, 24)",1,SHIYANL,18,24,1,...[FWY]..[LVI]
363811,PLRYIASPLGFTHKENLNQDPVLEVTKEYAQISS,0,5.051430328,7.395680343,7.737580461,8.341787395,8.126159279,364137,13,235,631,129,32,23,31,6,1063,sp|Q9UPS8|ANR26_HUMAN,57.143,28.0,12.0,0.0,2.0,29.0,1676.0,1703.0,3.15e-05,37.4,1.711304364,2.051231556,2.196321974,1.99,"('TKEYAQI', 25, 31)",1,TKEYAQI,25,31,1,...[FWY]..[LVI]
968790,PLRYVTWKLSGLPKHRVIGSGCNLDCSFSLPYG,0,4.275283707,7.124544752,7.649185345,8.426890963,8.177506159,969827,18,190,724,168,47,33,30,6,1180,sp|P07195|LDHB_HUMAN,91.667,24.0,2.0,0.0,1.0,24.0,146.0,169.0,2.36e-11,54.7,1.673601662,2.086606418,2.217830772,1.99,"('PLRYVTW', 0, 6)",1,PLRYVTW,0,6,1,...[FWY]..[WFY]
961389,PLRYKHSLHHYTYLPDAMDLELLRT,0,5.431986878,7.965884078,8.485686613,7.890224019,7.644073959,962415,15,353,1081,250,27,19,22,6,1745,sp|P20929|NEBU_HUMAN,86.364,22.0,3.0,0.0,1.0,22.0,1161.0,1182.0,9e-08,43.9,2.03039013,1.863530942,1.994380285,1.96,"('LHHYTYL', 7, 13)",1,LHHYTYL,7,13,1,...[FWY]..[LVI]
301887,PLREIYPLITTVSRVSPCCRFLDAA,0,5.298564531,7.629812996,8.137286307,8.390150416,7.428567923,302152,11,236,628,144,28,12,22,6,1059,sp|Q9Y263|PLAP_HUMAN,41.176,17.0,10.0,0.0,3.0,19.0,775.0,791.0,3.0,22.7,1.881788787,2.071334534,1.904106528,1.95,"('REIYPLI', 2, 8)",1,REIYPLI,2,8,1,...[FWY]..[LVI]
352564,PLRYMRLGSTKLSDKDKAVGISTLSSTRC,0,5.383628078,7.441100756,8.054824147,7.880476043,8.013530424,352869,33,751,1653,408,59,54,26,6,2958,sp|P47881|OR3A1_HUMAN,100.0,18.0,0.0,0.0,1.0,18.0,262.0,279.0,2.38e-06,40.0,1.846616637,1.859479017,2.149142647,1.95,"('PLRYMRL', 0, 6)",1,PLRYMRL,0,6,1,...[FWY]..[LVI]
382806,PLRFQNIMRRTAQAVMNNTVTSSVVYPC,0,4.656712813,8.191228647,8.549189555,7.627189614,7.718074541,383154,12,165,1011,209,18,16,25,6,1431,sp|Q13237|KGP2_HUMAN,100.0,11.0,0.0,0.0,1.0,11.0,262.0,272.0,0.057,27.7,2.057475704,1.754195858,2.025378537,1.95,"('PLRFQNI', 0, 6)",1,PLRFQNI,0,6,1,...[FWY]..[LVI]
383406,PLRLQTMNLTQKRLDVYLQEFELLYFS,0,4.957147191,7.347164889,7.877454333,7.720299018,8.350342756,383756,15,254,704,164,24,31,24,6,1192,sp|Q2M389|WASC4_HUMAN,100.0,24.0,0.0,0.0,1.0,24.0,1103.0,1126.0,5.23e-10,50.4,1.770964028,1.792898493,2.290230642,1.95,"('LQEFELL', 17, 23)",1,LQEFELL,17,23,1,...[FWY]..[LVI]
841210,PLRRINNAFLDRLQGKSQPGGWSNLVAVGI,0,3.209253836,6.781414009,7.411686032,7.980826568,8.525429463,842086,24,121,761,190,46,56,27,6,1198,sp|Q96J88|ESIP1_HUMAN,94.444,18.0,1.0,0.0,1.0,18.0,283.0,300.0,1.83e-06,40.4,1.572302334,1.901191556,2.363573065,1.95,"('PGGWSNL', 18, 24)",1,PGGWSNL,18,24,1,...[FWY]..[LVI]
158763,PLRDYFVNGGQDQPGARPSFTQVIVI,0,5.293205615,8.46350885,8.22120879,7.949117708,7.695354464,158889,16,342,1628,222,30,21,23,6,2259,sp|Q53H76|PLA1A_HUMAN,82.353,17.0,2.0,1.0,1.0,17.0,233.0,248.0,0.000432,33.5,1.917583801,1.888011186,2.015861278,1.94,"('RPSFTQV', 16, 22)",1,RPSFTQV,16,22,1,...[FWY]..[LVI]
460441,PLRIHTGEKPYQCKECGKAFIRGSQLTQHQPFTLVKNR,0,6.223276403,7.852861636,8.31608946,8.390150416,7.165533518,460849,11,448,733,163,28,10,35,6,1393,sp|Q8TAQ5|ZN420_HUMAN,100.0,27.0,0.0,0.0,1.0,27.0,552.0,578.0,4.69e-13,59.7,1.958052752,2.071334534,1.793923516,1.94,"('HQPFTLV', 28, 34)",1,HQPFTLV,28,34,1,...[FWY]..[LVI]
497219,PLRHTLLFKAVHSSLASSSRIWAWSLPR,0,3.919747219,7.262229416,7.819110347,7.779192707,8.241636497,497660,12,99,531,126,20,23,25,6,811,sp|P14679|TYRO_HUMAN,50.0,16.0,8.0,0.0,8.0,23.0,464.0,479.0,8.5,21.6,1.746078875,1.817378737,2.244694458,1.94,"('TLLFKAV', 4, 10)",1,TLLFKAV,4,10,1,...[FWY]..[LVI]
902096,PLRSVMNQWPGVTAGDRGLGRGRPPLRGVPAL,0,4.844979451,7.015174941,8.13776331,7.971837785,7.768700614,903034,21,329,783,275,40,29,29,6,1477,sp|Q16787|LAMA3_HUMAN,56.25,16.0,7.0,0.0,6.0,21.0,61.0,76.0,0.62,25.0,1.881992241,1.897455203,2.046585395,1.94,"('MNQWPGV', 5, 11)",1,MNQWPGV,5,11,1,...[FWY]..[LVI]
272791,PLRQATPGVDSISGDLQPDTDEPFEMISSSVNVLGQQTL,0,5.084806465,7.318185822,8.488569122,8.305261519,6.981108946,273028,10,185,460,167,24,8,36,6,854,sp|Q8IVF2|AHNK2_HUMAN,97.222,36.0,1.0,0.0,1.0,36.0,5554.0,5589.0,3.15e-17,71.6,2.031619591,2.036048904,1.716669537,1.93,"('DEPFEMI', 20, 26)",1,DEPFEMI,20,26,1,...[FWY]..[LVI]
615582,PLRLFKPLGPIIIDGKDQKSEPPTSLPQNVNV,0,5.241675314,6.777617441,7.674720437,7.501658732,8.624965136,616170,16,330,506,152,22,40,29,6,1066,sp|Q14C87|T132D_HUMAN,100.0,22.0,0.0,0.0,1.0,22.0,1016.0,1037.0,3.27e-09,48.5,1.68449301,1.702016641,2.405267763,1.93,"('LRLFKPL', 1, 7)",1,LRLFKPL,1,7,1,...[FWY]..[LVI]
672098,PLRLSSSTFLGPGLGGKSGERGAYASFGRDQAWAA,0,3.797350588,7.42857506,7.630076522,7.902824056,8.204856647,672769,38,288,1887,350,69,71,32,6,2703,sp|P15923|TFE2_HUMAN,100.0,23.0,0.0,0.0,5.0,27.0,92.0,114.0,1.16e-09,50.1,1.665451277,1.868768379,2.229287673,1.92,"('RGAYASF', 20, 26)",1,RGAYASF,20,26,1,...[FWY]..[WFY]
634944,PLRMKFIWGVFGNRVINAKCAHVLPINTAII,0,5.935557734,8.148973439,8.715554155,8.48968609,6.428567923,635554,11,367,900,215,30,6,28,6,1529,sp|P24723|KPCL_HUMAN,34.483,29.0,10.0,1.0,2.0,21.0,190.0,218.0,0.41,25.4,2.128434318,2.112708366,1.485214516,1.91,"('KFIWGVF', 4, 10)",1,KFIWGVF,4,10,1,...[FWY]..[WFY]
647834,PLRLMQPLAFHSLVMQRGIFTSPTNS,0,4.986198869,7.275750556,7.446692481,8.194230206,8.040002635,648462,18,311,804,146,40,30,23,6,1349,sp|Q14865|ARI5B_HUMAN,100.0,23.0,0.0,0.0,1.0,23.0,1115.0,1137.0,7.13e-10,50.1,1.58723345,1.989896699,2.160231644,1.91,"('PLAFHSL', 6, 12)",1,PLAFHSL,6,12,1,...[FWY]..[LVI]
441018,PLRWKNHMGPFMSILQEHIGVMKKKSSPPISLS,0,4.18569322,7.306850753,8.430395161,8.256351918,6.907108365,441417,25,248,1141,401,58,19,30,6,1892,sp|Q9H583|HEAT1_HUMAN,95.455,22.0,1.0,0.0,1.0,22.0,1837.0,1858.0,3.63e-10,51.2,2.006806958,2.01571873,1.685671284,1.9,"('MGPFMSI', 7, 13)",1,MGPFMSI,7,13,1,...[FWY]..[LVI]
667162,PLRMSERTQEQDFVIITVDDSDDNNDCSIEMVEVSETAD,0,5.912213547,7.287478486,8.048844743,7.984741618,7.512490407,667825,64,2101,2882,788,123,74,36,6,6032,sp|Q8NDZ0|BEND2_HUMAN,100.0,36.0,0.0,0.0,1.0,36.0,1.0,36.0,3.51e-17,71.2,1.844066274,1.902818919,1.939260986,1.9,"('EQDFVII', 9, 15)",1,EQDFVII,9,15,1,...[FWY]..[LVI]
757601,PLRPAQKIEVFRGVLEQLRWFAGKQVKSVASLVGTSSL,0,5.412787231,8.000462359,8.529886417,8.591120359,6.455040135,758385,27,627,1993,464,79,15,35,6,3205,sp|P47989|XDH_HUMAN,90.323,31.0,3.0,0.0,1.0,31.0,320.0,350.0,1.55e-13,60.8,2.049242439,2.154871384,1.496303514,1.9,"('IEVFRGV', 7, 13)",1,IEVFRGV,7,13,1,...[FWY]..[LVI]
763875,PLRPEQLQEHAIEDKETINNLDTSSSDFTILQEIEEPSL,0,5.503863316,7.186497997,8.005147353,7.953454781,7.615627272,764670,310,7668,13016,3703,583,385,36,6,25665,sp|Q15424|SAFB1_HUMAN,100.0,36.0,0.0,0.0,1.0,36.0,175.0,210.0,7.66e-14,62.0,1.825428257,1.88981397,1.982464194,1.9,"('SSDFTIL', 24, 30)",1,SSDFTIL,24,30,1,...[FWY]..[LVI]
36955,PLRAFERTHYPDIYTREELAQLPS,0,5.293854454,7.068598738,8.110057498,7.734104818,7.690060164,36990,13,278,503,167,21,17,21,6,999,sp|P23759|PAX7_HUMAN,100.0,18.0,0.0,0.0,1.0,18.0,235.0,252.0,4.1e-07,42.0,1.870175027,1.798637127,2.013643539,1.89,"('RTHYPDI', 6, 12)",1,RTHYPDI,6,12,1,...[FWY]..[LVI]
685720,PLRVYSANTWRALMARVHTVHSRVLLSPSFTC,0,4.284285236,7.257595842,8.053389913,8.061592438,7.415511771,686412,37,393,1632,457,75,40,29,6,2634,sp|Q9C0F1|CEP44_HUMAN,45.0,20.0,11.0,0.0,5.0,24.0,274.0,293.0,1.9,23.9,1.846004902,1.934763374,1.89863741,1.89,"('ANTWRAL', 6, 12)",1,ANTWRAL,6,12,1,...[FWY]..[LVI]
530556,PLRIPTVHTSPQLINTTAKVPVPLLYQQYH,0,4.32066361,7.293330634,8.241489821,7.819834692,7.353663114,531032,28,305,1266,394,48,29,27,6,2070,sp|Q5HYC2|K2026_HUMAN,100.0,16.0,0.0,0.0,1.0,16.0,1976.0,1991.0,0.000214,34.7,1.926234162,1.834272325,1.872729502,1.88,"('PLLYQQY', 22, 28)",1,PLLYQQY,22,28,1,...[FWY]..[WFY]
659123,PLRLQHLWTPTSWMPIVSLSKSSTSTASTSPA,0,4.035817772,7.372496942,7.782273579,8.042227113,7.537502295,659778,17,152,812,174,34,20,29,6,1209,sp|Q96JM4|LRIQ1_HUMAN,50.0,24.0,8.0,1.0,1.0,20.0,927.0,950.0,0.16,26.6,1.730367083,1.926713821,1.949738266,1.87,"('PTSWMPI', 9, 15)",1,PTSWMPI,9,15,1,...[FWY]..[LVI]
184311,PLRFLAKIFKPLFLQRLQGKESHLDTLNRAQLTQLFLA,0,4.182781625,7.808086126,8.244416182,7.720299018,7.303037041,184456,10,99,646,141,16,10,35,6,922,sp|Q14CZ7|FAKD3_HUMAN,97.143,35.0,1.0,0.0,1.0,35.0,465.0,499.0,2.08e-16,69.3,1.927482327,1.792898493,1.851522644,1.86,"('AKIFKPL', 5, 11)",1,AKIFKPL,5,11,1,...[FWY]..[LVI]
304637,PLRQKGFRLVGLKFMQASEDLLKEHYVT,0,5.640887846,7.647621454,7.674720437,7.720299018,7.887999542,304904,10,272,578,95,16,15,25,6,986,sp|P15531|NDKA_HUMAN,100.0,24.0,0.0,0.0,1.0,24.0,30.0,53.0,1.64e-11,53.1,1.68449301,1.792898493,2.096558763,1.86,"('QKGFRLV', 3, 9)",1,QKGFRLV,3,9,1,...[FWY]..[LVI]
599058,PLRLASYLHGHEPSNLVFVNFLKRGLFHN,0,4.771103138,7.344482566,7.974280719,8.014212737,7.303037041,599629,26,387,1218,304,51,26,26,6,2012,sp|Q5H9U9|DDX6L_HUMAN,100.0,26.0,0.0,0.0,1.0,26.0,1422.0,1447.0,2.71e-13,59.7,1.812262875,1.915069131,1.851522644,1.86,"('NLVFVNF', 14, 20)",1,NLVFVNF,14,20,1,...[FWY]..[WFY]
201265,PLRWTKGPEKSVEVPKESSSLFNMI,0,4.635090002,7.131231856,7.401989533,7.79224886,8.013530424,201429,22,298,889,173,37,36,22,6,1455,sp|P48169|GBRA4_HUMAN,100.0,18.0,0.0,0.0,1.0,18.0,204.0,221.0,3.5e-06,39.3,1.568166538,1.822805767,2.149142647,1.85,"('SSLFNMI', 18, 24)",1,SSLFNMI,18,24,1,...[FWY]..[LVI]
435740,PLRSLHLLSPGSHSLFTRAILQSGSFNALGR,0,3.88817714,6.652604861,7.828891368,7.27926631,8.08064462,436135,28,226,812,296,33,48,28,6,1443,sp|P06276|CHLE_HUMAN,100.0,25.0,0.0,0.0,1.0,25.0,233.0,257.0,1.13e-11,55.5,1.750250722,1.609575145,2.177256247,1.85,"('SGSFNAL', 22, 28)",1,SGSFNAL,22,28,1,...[FWY]..[LVI]
741209,PLRNKLQNLAHRVITANRLGYWRMF,0,4.933251484,7.116551961,8.100193389,7.93913362,7.199943548,741973,29,483,1160,370,54,27,22,6,2123,sp|P08F94|PKHD1_HUMAN,82.353,17.0,3.0,0.0,1.0,17.0,3684.0,3700.0,0.000706,32.7,1.865967741,1.883861116,1.808337603,1.85,"('LGYWRMF', 18, 24)",1,LGYWRMF,18,24,1,...[FWY]..[WFY]
907470,PLRTDGLWDVLSNEEVAEAITQFLPNCDPDDPHRYTLAA,0,5.24551738,6.102052391,7.628426785,7.683773142,7.907108365,908414,25,517,495,230,39,38,36,6,1344,sp|Q9ULR3|PPM1H_HUMAN,100.0,36.0,0.0,0.0,1.0,36.0,436.0,471.0,1.98e-21,83.6,1.664747623,1.777715842,2.104563296,1.85,"('DGLWDVL', 4, 10)",1,DGLWDVL,4,10,1,...[FWY]..[LVI]
96245,PLRTMNEDSNEEEEESENDWEEVEELELSEPVLGDVRESTA,0,5.808816791,8.130701219,8.423320732,8.10997172,6.602597323,96321,52,1589,4201,830,109,32,38,6,6813,sp|Q01831|XPC_HUMAN,94.737,38.0,0.0,1.0,1.0,38.0,117.0,152.0,0.32,26.6,2.00378954,1.954873111,1.558114041,1.84,"('ENDWEEV', 16, 22)",1,ENDWEEV,16,22,1,...[FWY]..[LVI]
10762,PLRAASFHSAVFSLLKANNPWPASTSCCVPTARRPLSL,0,4.362135207,6.98132458,7.960225124,8.003752965,7.142572369,10773,19,213,692,220,37,17,35,6,1198,sp|P58166|INHBE_HUMAN,100.0,35.0,0.0,0.0,1.0,35.0,291.0,325.0,1.39e-17,72.4,1.806267816,1.910721334,1.784305275,1.83,"('SAVFSLL', 8, 14)",1,SAVFSLL,8,14,1,...[FWY]..[LVI]
15881,PLRTAVALAYGIYKQDLPPLDEKPRNVVFIV,0,4.91097701,7.800248415,8.309435973,8.005701237,6.788463868,15899,20,328,1285,295,39,14,28,6,1981,sp|O95757|HS74L_HUMAN,100.0,27.0,0.0,0.0,1.0,27.0,175.0,201.0,1.85e-13,60.5,1.955214875,1.911531169,1.635972052,1.83,"('ALAYGIY', 6, 12)",1,ALAYGIY,6,12,1,...[FWY]..[WFY]
344458,PLREYFAALMTTMEAVESPESLAPLLTC,0,5.066973172,7.517586601,7.359678728,7.975112917,7.650960345,344758,11,201,581,84,21,14,25,6,912,sp|Q5JTH9|RRP12_HUMAN,100.0,20.0,0.0,0.0,1.0,20.0,146.0,165.0,6.51e-07,41.6,1.550119933,1.898816572,1.997264936,1.82,"('REYFAAL', 2, 8)",1,REYFAAL,2,8,1,...[FWY]..[LVI]
661965,PLRLSAGGPLANPEVDTREWVVLGKGLSRSALFRSRVR,0,5.240908127,7.232613147,8.190092666,8.016692021,6.827699032,662626,57,1175,2471,774,112,41,35,6,4630,sp|Q9BSE4|HERP2_HUMAN,36.364,33.0,21.0,0.0,2.0,34.0,261.0,293.0,1.8,24.3,1.904312005,1.916099691,1.652407349,1.82,"('TREWVVL', 16, 22)",1,TREWVVL,16,22,1,...[FWY]..[LVI]
45113,PLRSGAIVDLISRQYDKFLTHFI,0,3.657761665,7.210112137,8.063707504,7.720299018,7.182742808,45152,25,172,1067,311,40,23,20,6,1638,sp|Q7Z6M2|FBX33_HUMAN,100.0,20.0,0.0,0.0,1.0,20.0,407.0,426.0,1.57e-08,45.8,1.850405609,1.792898493,1.80113235,1.81,"('SRQYDKF', 11, 17)",1,SRQYDKF,11,17,1,...[FWY]..[WFY]
277329,PLRVNLPRFWESHACLACDHVKRHQEYKLLVI,0,4.49202446,7.274673516,7.781997174,8.017979567,7.151033948,277571,30,368,1339,307,59,27,29,6,2130,sp|Q9Y231|FUT9_HUMAN,100.0,25.0,0.0,0.0,1.0,25.0,324.0,348.0,1.26e-13,60.8,1.73024919,1.916634883,1.787849762,1.81,"('HQEYKLL', 23, 29)",1,HQEYKLL,23,29,1,...[FWY]..[LVI]
639891,PLRLLIRGWNACPEVVRNFLKLS,0,5.273902476,7.723209533,8.086302378,7.975112917,6.843605423,640507,11,232,670,139,21,8,20,6,1081,sp|Q59H18|TNI3K_HUMAN,100.0,11.0,0.0,0.0,1.0,11.0,697.0,707.0,0.002,31.2,1.860042881,1.898816572,1.659070409,1.81,"('VRNFLKL', 15, 21)",1,VRNFLKL,15,21,1,...[FWY]..[LVI]
648556,PLRLNRYAVEGRDLTLQYNIYNVGSSAALDVGTV,0,5.900888192,7.298855095,7.670064075,7.617341828,7.665607121,649185,49,1596,2224,464,73,63,31,6,4469,sp|P43308|SSRB_HUMAN,100.0,28.0,0.0,0.0,1.0,28.0,30.0,57.0,1.32e-13,59.7,1.682506956,1.750102445,2.003400354,1.81,"('TLQYNIY', 14, 20)",1,TLQYNIY,14,20,1,...[FWY]..[WFY]
91211,PLRALSWNHFILSSGSRLGRVYHHDVG,0,3.8753531,6.903148323,7.994477433,7.935311909,6.955113738,91281,14,112,483,166,26,11,24,6,812,sp|Q86Y33|CD20B_HUMAN,100.0,23.0,0.0,0.0,1.0,23.0,320.0,342.0,8.65e-11,52.8,1.820877273,1.882272552,1.705780351,1.8,"('ALSWNHF', 3, 9)",1,ALSWNHF,3,9,1,...[FWY]..[WFY]
272425,PLRKASPPFPLISNAQALAQEVQTF,0,5.123280613,7.631402549,7.759776207,7.341787395,7.690060164,272662,13,247,743,131,16,17,22,6,1167,sp|Q8N3R9|PALS1_HUMAN,95.238,21.0,1.0,0.0,1.0,21.0,175.0,195.0,6.92e-07,41.6,1.720771398,1.635563182,2.013643539,1.79,"('SPPFPLI', 5, 11)",1,SPPFPLI,5,11,1,...[FWY]..[LVI]
274905,PLREYEEENEEEDAEKWNEMDFEIIETNDTMRHSIIETS,0,5.566049544,8.600367738,8.95035488,8.024079766,5.788463868,275145,40,1033,4475,920,79,14,36,6,6561,sp|Q5TF39|MFS4B_HUMAN,97.222,36.0,1.0,0.0,1.0,36.0,436.0,471.0,9.97e-21,81.6,2.228582631,1.919170543,1.21708004,1.79,"('EMDFEII', 18, 24)",1,EMDFEII,18,24,1,...[FWY]..[LVI]
277375,PLRINGTEWTRQLVMKKMVPTCMLQRFHKFLV,0,5.634686507,7.908366032,7.97111344,7.916696231,6.887999542,277617,12,325,831,140,22,9,29,6,1339,sp|Q14653|IRF3_HUMAN,66.667,15.0,5.0,0.0,6.0,20.0,358.0,372.0,0.011,30.0,1.810911952,1.874534603,1.677666751,1.79,"('LQRFHKF', 23, 29)",1,LQRFHKF,23,29,1,...[FWY]..[WFY]
484627,PLRHLESLTLTGTKISSIPNNLCQEQKMLRTLDLSYNNV,0,6.301617855,7.619900696,7.925043792,7.720299018,7.151033948,485052,10,430,567,113,16,9,36,6,1145,sp|Q9BXB1|LGR4_HUMAN,97.222,36.0,1.0,0.0,1.0,36.0,320.0,355.0,2.42e-18,74.7,1.791262108,1.792898493,1.787849762,1.79,"('DLSYNNV', 32, 38)",1,DLSYNNV,32,38,1,...[FWY]..[LVI]
526598,PLRLMPILVEKFPFVRKSERTGMLRS,0,5.108013857,6.626790544,7.502081051,8.102768655,7.218148144,527070,35,658,997,295,73,33,23,6,2091,sp|Q9NYV6|RRN3_HUMAN,100.0,18.0,0.0,0.0,1.0,18.0,204.0,221.0,2.48e-06,40.0,1.610858044,1.951879025,1.815963363,1.79,"('VEKFPFV', 8, 14)",1,VEKFPFV,8,14,1,...[FWY]..[LVI]
540817,PLRMTEYKLVVVGAGGVGKSALRFS,0,3.782243695,7.252232749,8.077046885,7.959764953,6.718074541,541307,18,135,791,226,34,12,22,6,1216,sp|P62834|RAP1A_HUMAN,84.211,19.0,3.0,0.0,1.0,19.0,1.0,19.0,3.79e-05,36.6,1.856095185,1.892436909,1.606486525,1.79,"('MTEYKLV', 3, 9)",1,MTEYKLV,3,9,1,...[FWY]..[LVI]
778738,PLRPNAGKSSLLRAISNARPAVASYPFTTLKPHVGIVH,0,4.473612423,7.181204919,7.623190137,7.779192707,7.303037041,779545,18,218,753,165,30,18,35,6,1202,sp|Q9H4K7|MTG2_HUMAN,100.0,35.0,0.0,0.0,1.0,35.0,233.0,267.0,6.22e-18,73.6,1.662514063,1.817378737,1.851522644,1.78,"('SYPFTTL', 23, 29)",1,SYPFTTL,23,29,1,...[FWY]..[LVI]
18457,PLRGMRALSLAKNNSLMPMSKAPFKSY,0,4.404606168,6.539763392,7.443094736,7.904723589,7.303037041,18478,11,127,295,89,20,11,24,6,553,sp|Q9H0C1|ZMY12_HUMAN,76.923,13.0,3.0,0.0,1.0,13.0,330.0,342.0,2.6,23.1,1.585698923,1.869557955,1.851522644,1.77,"('KAPFKSY', 20, 26)",1,KAPFKSY,20,26,1,...[FWY]..[WFY]
532104,PLRIQGSLQDIFKFARTSPSHVKSVPLWYLRF,0,3.318296596,7.167488926,7.748721019,7.468491868,7.432320058,532580,32,174,1326,320,43,35,29,6,1930,sp|P55290|CAD13_HUMAN,100.0,16.0,0.0,0.0,1.0,16.0,117.0,132.0,1.56e-05,38.1,1.716056087,1.688230224,1.905678267,1.77,"('PLWYLRF', 25, 31)",1,PLWYLRF,25,31,1,...[FWY]..[WFY]
675692,PLRLTGLLTLGVNGHGQQNFHLY,0,4.075492714,7.209661365,8.121938342,8.173471646,6.370151237,676371,21,193,896,272,46,11,20,6,1439,sp|Q53ET0|CRTC2_HUMAN,63.636,11.0,4.0,0.0,8.0,18.0,538.0,548.0,2.6,22.7,1.875242501,1.981268022,1.460744232,1.77,"('QQNFHLY', 16, 22)",1,QQNFHLY,16,22,1,...[FWY]..[WFY]
9381,PLRAVQYFWDRGHRDIMSFASVALQ,0,4.857205753,7.36143902,7.819110347,7.042227113,7.681548665,9392,10,158,474,105,10,13,22,6,770,sp|O15037|KHNYN_HUMAN,87.5,16.0,2.0,0.0,1.0,16.0,465.0,480.0,2.27e-05,37.0,1.746078875,1.511045447,2.010078139,1.76,"('IMSFASV', 15, 21)",1,IMSFASV,15,21,1,...[FWY]..[LVI]
530864,PLRIPSESKGFRAALSSNPSFWQIHSLVSQLKPH,0,4.50955912,7.318185822,7.875253425,7.980826568,6.718074541,531340,12,149,552,131,23,8,31,6,875,sp|A8MWY0|ELAP2_HUMAN,100.0,14.0,0.0,0.0,1.0,14.0,763.0,776.0,0.006,30.8,1.770025286,1.901191556,1.606486525,1.76,"('NPSFWQI', 17, 23)",1,NPSFWQI,17,23,1,...[FWY]..[LVI]
537980,PLRMSNPFAHLAEPLDPVQPGKKFLI,0,4.298564531,7.230010011,7.434966855,7.940347499,7.235922845,538461,22,236,952,177,41,21,23,6,1449,sp|P21399|ACOC_HUMAN,95.455,22.0,1.0,0.0,1.0,22.0,1.0,22.0,2.71e-09,48.1,1.582232181,1.884365687,1.823409043,1.76,"('SNPFAHL', 4, 10)",1,SNPFAHL,4,10,1,...[FWY]..[LVI]
547632,PLRKALGPLLAGTGVRPPNMSLDYDFLRNGASRNAA,0,4.682708022,7.808897997,8.086302378,7.48968609,7.013530424,548132,11,154,711,139,15,9,33,6,1039,sp|Q14831|GRM7_HUMAN,66.667,12.0,4.0,0.0,11.0,22.0,722.0,733.0,1.7,24.3,1.860042881,1.697039992,1.730250635,1.76,"('SLDYDFL', 20, 26)",1,SLDYDFL,20,26,1,...[FWY]..[LVI]
523362,PLRILKSDAAKPLLGHDAVIQALAQKVFMSLTRKNW,0,5.315367265,7.358212716,8.067250537,8.24016649,6.2155742,523828,17,369,804,212,39,8,33,6,1449,sp|Q08AD1|CAMP2_HUMAN,100.0,23.0,0.0,0.0,1.0,23.0,88.0,110.0,4.55e-09,48.1,1.8519168,2.00899096,1.395993146,1.75,"('QKVFMSL', 24, 30)",1,QKVFMSL,24,30,1,...[FWY]..[LVI]
397783,PLRFYNHKTSVFTPAYGSVTNVRINSTMTTPQV,0,4.305340941,6.82437121,7.18760526,7.679657033,7.525429463,398152,18,194,588,122,28,21,30,6,971,sp|P50749|RASF2_HUMAN,100.0,30.0,0.0,0.0,1.0,30.0,175.0,204.0,2.73e-15,65.5,1.476726346,1.776004905,1.944681053,1.73,"('TPAYGSV', 12, 18)",1,TPAYGSV,12,18,1,...[FWY]..[LVI]
628024,PLRLSGPVTRLALSTSSRPLSALGLRFLSFK,0,4.682708022,6.887381007,7.878004036,7.501658732,7.003476759,628623,16,224,546,175,22,13,28,6,996,sp|Q6UWV6|ENPP7_HUMAN,57.895,19.0,8.0,0.0,4.0,22.0,429.0,447.0,2.6,23.5,1.771198489,1.702016641,1.726039235,1.73,"('GLRFLSF', 23, 29)",1,GLRFLSF,23,29,1,...[FWY]..[WFY]
325247,PLREQLFYRIAHLNPVSSICCGWPPSPLPAGATAARR,0,4.527429796,7.50099654,7.717470085,7.627189614,6.955113738,325532,14,176,731,137,21,11,34,6,1090,sp|Q8TD84|DSCL1_HUMAN,100.0,11.0,0.0,0.0,1.0,11.0,1246.0,1256.0,0.042,28.5,1.702726791,1.754195858,1.705780351,1.72,"('EQLFYRI', 3, 9)",1,EQLFYRI,3,9,1,...[FWY]..[LVI]
868160,PLRSEDGPGDGFTILSSKSLVLGQKLSLTDISHIGST,0,5.68041621,7.311199392,8.097331156,7.817160557,6.396146446,869057,45,1258,2060,573,77,24,34,6,4037,sp|Q9P0M6|H2AW_HUMAN,94.286,35.0,0.0,1.0,1.0,33.0,175.0,209.0,5.74e-14,62.0,1.864746928,1.833160772,1.471633418,1.72,"('GDGFTIL', 8, 14)",1,GDGFTIL,8,14,1,...[FWY]..[LVI]
890717,PLRSPVVERLGFDENFVDLTEMVEKRLQQLQSDELSAVT,0,5.900157898,7.308850196,7.897708743,7.459244976,6.934793753,891638,182,5925,8318,2018,243,141,36,6,16827,sp|Q9UNA4|POLI_HUMAN,100.0,36.0,0.0,0.0,1.0,36.0,142.0,177.0,4.32e-18,73.9,1.779603034,1.684386584,1.697268472,1.72,"('DENFVDL', 12, 18)",1,DENFVDL,12,18,1,...[FWY]..[LVI]
339333,PLREVRFTNVPERTQIDVGRILYSV,0,4.66543003,7.100432296,7.199382428,7.627189614,7.381039553,339629,18,249,712,123,27,19,22,6,1148,sp|Q9H3R0|KDM4C_HUMAN,100.0,18.0,0.0,0.0,1.0,18.0,784.0,801.0,3.59e-07,42.4,1.481749599,1.754195858,1.884197273,1.71,"('EVRFTNV', 3, 9)",1,EVRFTNV,3,9,1,...[FWY]..[LVI]
429400,PLRGKALSVPPTLFVTNVFTLVNVHMSAVNVGRPTA,0,4.919747219,7.696697445,7.628426785,8.305261519,6.303037041,429789,10,165,598,92,24,5,33,6,894,sp|Q8N8C0|ZN781_HUMAN,66.667,15.0,5.0,0.0,16.0,30.0,222.0,236.0,5.1,22.7,1.664747623,2.036048904,1.432630632,1.71,"('TNVFTLV', 15, 21)",1,TNVFTLV,15,21,1,...[FWY]..[LVI]
692007,PLRMARVPLTFSDVAIASLRRSGNI,0,4.497790306,6.555124975,7.338736747,7.601654521,7.303037041,692708,19,234,515,143,28,19,22,6,958,sp|Q494X3|ZN404_HUMAN,100.0,13.0,0.0,0.0,1.0,13.0,1.0,13.0,0.005,30.4,1.541187661,1.743581728,1.851522644,1.71,"('PLTFSDV', 7, 13)",1,PLTFSDV,7,13,1,...[FWY]..[LVI]
102392,PLRHLAAGYNNLEVAEYLLEHGADVNAQTRVV,0,4.039739918,7.065925888,7.296732383,7.828102308,7.030018547,102470,29,260,1120,212,50,24,29,6,1695,sp|O95271|TNKS1_HUMAN,92.593,27.0,2.0,0.0,1.0,27.0,842.0,868.0,3.13e-11,54.3,1.523271761,1.837708911,1.737157377,1.7,"('AAGYNNL', 5, 11)",1,AAGYNNL,5,11,1,...[FWY]..[LVI]
723996,PLRMSQAVQQRYSTIKQNMGTQFI,0,3.409331672,7.021036059,7.790197655,7.932998043,6.418514259,724743,48,278,1797,494,89,26,21,6,2732,,,,,,,,,,,,1.733746898,1.881310751,1.481003116,1.7,"('QQRYSTI', 8, 14)",1,QQRYSTI,8,14,1,...[FWY]..[LVI]
861200,PLRRVVNGAFMVLKGHRSIVNQARFNPHTYMICSLV,0,5.037973301,6.692744252,7.307211308,7.830723008,7.013530424,862092,11,197,328,81,19,9,33,6,645,sp|Q96JK2|DCAF5_HUMAN,96.774,31.0,1.0,0.0,1.0,31.0,320.0,350.0,4.73e-17,70.9,1.527741282,1.838798253,1.730250635,1.7,"('NGAFMVL', 6, 12)",1,NGAFMVL,6,12,1,...[FWY]..[LVI]
