ID,Input Count,avg_z_score,7mer
DIDNFDIDDFDDDDDWEDICII,976,4.11,DDDWEDI
LWQPHSSKQDDMWEHIAISML,244,3.99,DDMWEHI
VIEEADLDGDGSWALLTSRT,10,3.85,DGSWALL
QIPENSTSSQADDEWCYVLI,91,3.8,EWCYVLI
LHNPESGEEAVALLEELQRDLGWDILA,13,3.8,DLGWDIL
QIPENSTSSQADDEWCYVLI,91,3.8,DDEWCYV
IWYWSDEFGSWQEYGRQGTVTL,319,3.72,SDEFGSW
IWYWSDEFGSWQEYGRQGTVTL,319,3.72,FGSWQEY
EDWDMLDVDEDEKLTGEEEFELLLVRLV,12,3.71,EEEFELL
RPSETGSDDDWEYLLNSDYHQNVESHL,144,3.67,DDDWEYL
ASTISSNASKGREAMEWVIIN,11,3.67,AMEWVII
LINILLPGSLEPVRPFSNWEVLDS,226,3.65,FSNWEVL
LINILLPGSLEPVRPFSNWEVLDS,226,3.65,VRPFSNW
RPSETGSDDDWEYLLNSDYTRMLSLLF,121,3.63,DDDWEYL
DIDNFDIDDFDDDDDWEDIMHNLAASKSSTAAYQPI,973,3.62,DDDWEDI
DIDNFDIDDFDDDDDWEDIMHNLAASKSSTAAYQPI,973,3.62,TAAYQPI
AVNFTQEEWTLLDISQKNLS,25,3.55,QEEWTLL
EKNVYCQQTLCTSELFEDLTWFLSNDQTLI,13,3.53,SELFEDL
SVSTLLDTNILAPATDLLMSWVML,77,3.52,LMSWVML
KLEVPTGPEVQTPKPSDADWDDLWTSLMGGGI,20,3.43,DADWDDL
KLEVPTGPEVQTPKPSDADWDDLWTSLMGGGI,20,3.43,DDLWTSL
GMKYIETSARDAINVEKAFTDLTRDIYELVKRGENY,12,3.42,RDIYELV
GMKYIETSARDAINVEKAFTDLTRDIYELVKRGENY,12,3.42,EKAFTDL
PYDSYNPSVLRGPLLGHTDAVWGLL,30,3.39,DAVWGLL
YLGQLEHEDIDTSADAVEDLTEAEWEDLTQQYYSLV,124,3.36,QQYYSLV
YLGQLEHEDIDTSADAVEDLTEAEWEDLTQQYYSLV,124,3.36,EAEWEDL
YLGQLEHEDIDTSADAVEDLTEAEWEDLTQQYYSLV,124,3.36,TQQYYSL
VLDGTDAWDSATETKTFLVSQDIQDEGWETLEVSSA,174,3.31,DEGWETL
MEGGHAPEEEIWEELSVMEVYDGREHSAYGEPRKLL,207,3.3,EEIWEEL
VNVVSVDTARTLFNQVMEKEFEDGIINWVVL,15,3.28,IINWVVL
VNVVSVDTARTLFNQVMEKEFEDGIINWVVL,15,3.28,RTLFNQV
EDWDMLDVDEDEKLTGEEEFELLAGPLGLNDRRIVP,546,3.27,EEEFELL
VLESSQENEDDHFWELLSTTTKQ,23,3.27,DDHFWEL
VLESSQENEDDHFWELLSTTTKQ,23,3.27,DHFWELL
LDGTAVENIETFQTEDHTFDEYTEELDCWVVWE,42,3.26,DHTFDEY
LDGTAVENIETFQTEDHTFDEYTEELDCWVVWE,42,3.26,LDCWVVW
LEFLEELKKINYQVDSWEEI,20,3.25,VDSWEEI
TADRWDDEDWGSLEQEAESVLAQQDDWSTGGQVSRA,38,3.24,DEDWGSL
PLEQVADDSLYEFLDFVDATDRYRSL,25,3.24,TDRYRSL
PLEQVADDSLYEFLDFVDATDRYRSL,25,3.24,LYEFLDF
PLEQVADDSLYEFLDFVDATDRYRSL,25,3.24,DSLYEFL
DPLMGPASASSSNPSSSPDDDSSKDSGFTIVSPLDI,78,3.19,DSGFTIV
PRDYSGENPSKCEDCGPLQASLESGYPFIIISE,21,3.18,GYPFIII
PRDYSGENPSKCEDCGPLQASLESGYPFIIISE,21,3.18,ESGYPFI
SSENWEIIREDEATMYSSQAFPSPPPSSNLDVPTHL,38,3.14,SENWEII
MEDLEETLFEEFETIPMTWTLLSGV,19,3.13,PMTWTLL
MEDLEETLFEEFETIPMTWTLLSGV,19,3.13,ETLFEEF
MEDLEETLFEEFETIPMTWTLLSGV,19,3.13,FEEFETI
MDWGTELWDQFEVLERHTQWGLDLLDRM,190,3.11,WDQFEVL
MDWGTELWDQFEVLERHTQWGLDLLDRM,190,3.11,TELWDQF
GWDAMKGTTTIEKYDLPNSWLILAP,24,3.1,PNSWLIL
SENWEIIREDEATMYSNQAFPSPPPSSNLVPTHLA,55,3.07,SENWEII
SSENWEIIREDEATMYSSQAFPSPPPSNNLDVPTHL,136,3.06,SENWEII
SRPSPDSSESDWETLDPSVLEDPNLKEREQLGSDQT,34,3.03,ESDWETL
AASWESQRARDTLPQSESHQEESWLSVGPGGEITEL,15,3.02,EESWLSV
NRVTVYEYDTREDQWINIGTI,200,3.01,EDQWINI
YILNGGSEEWEDLTSAPSAAVTAEKNSVLPGERLVR,610,3.0,SEEWEDL
MNNDKHCFECYGYDIIIDES,51,2.95,KHCFECY
MNNDKHCFECYGYDIIIDES,51,2.95,CYGYDII
ETEYSLLHMPSTDPRHARSPEDEYELLMPHRISSHF,153,2.94,EDEYELL
ETEYSLLHMPSTDPRHARSPEDEYELLMPHRISSHF,153,2.94,ETEYSLL
LLLEPGNSEMQIPVKQNEARTETLNSFTVLETVIE,29,2.91,LNSFTVL
NEPWEEEWTLLGKEELSGSLLQSVQEALEERSLTIR,219,2.91,EEEWTLL
MFHKAEELFSKTTNNEVDDMDTSDTQWGWF,68,2.9,DTQWGWF
EDLTWLEWEELKIPLHGRPIYPNVNVKL,76,2.85,DLTWLEW
EDLTWLEWEELKIPLHGRPIYPNVNVKL,76,2.85,WLEWEEL
EDLTWLEWEELKIPLHGRPIYPNVNVKL,76,2.85,RPIYPNV
HSVVPLLDSYDLLSYDDLSH,22,2.85,LDSYDLL
HSVVPLLDSYDLLSYDDLSH,22,2.85,LLSYDDL
PHSHAFIDLTEDFTADLFLTTLNATTSTFQFEI,33,2.84,SHAFIDL
DAVFDIITDEELCQIQESGSSLPETPTETDSLDPNA,63,2.83,DAVFDII
IYNTPSASYLEVTPDSENDFGNYTVLQ,90,2.82,SASYLEV
IYNTPSASYLEVTPDSENDFGNYTVLQ,90,2.82,ENDFGNY
IYNTPSASYLEVTPDSENDFGNYTVLQ,90,2.82,FGNYTVL
ESSTEWDLDSFSELDSESGSSSSFSDDEVWVQVAPQ,11,2.8,LDSFSEL
ESSTEWDLDSFSELDSESGSSSSFSDDEVWVQVAPQ,11,2.8,DEVWVQV
EDPSDDEWEELSSSDESDAFMENSFSECGGQLFSPL,122,2.8,DDEWEEL
EDPSDDEWEELSSSDESDAFMENSFSECGGQLFSPL,122,2.8,GQLFSPL
NAEYEYEVTEEDWETIILVFPQRMPND,108,2.8,EEDWETI
NTLSSGADYPDELQCWMLLC,90,2.75,LQCWMLL
LTNSTIEYEHLESEVSALHDDLWEQLNLDTQNEVLN,116,2.74,TIEYEHL
LTNSTIEYEHLESEVSALHDDLWEQLNLDTQNEVLN,116,2.74,DDLWEQL
TEGSLEWDILEVKRLLDHQDNILSLINVNI,39,2.74,SLEWDIL
EKNVYCQQTLCTSELFEDLTWFLSNDSNIT,113,2.74,SELFEDL
PTGEPQQEDDEFLMATDVDDRFETLEPEVSHEETEH,32,2.74,DDRFETL
SKTMMHILSQPNTFPTVVNSIN,10,2.73,PNTFPTV
VTPDSGYSSAHAEATYEEDWEVFDPYYFIKRPATD,60,2.72,EEDWEVF
VTPDSGYSSAHAEATYEEDWEVFDPYYFIKRPATD,60,2.72,WEVFDPY
VTPDSGYSSAHAEATYEEDWEVFDPYYFIKRPATD,60,2.72,FDPYYFI
TEEQLKEKFPEADPYEIIESFNVVAKEVFVVLF,37,2.7,KEVFVVL
TEEQLKEKFPEADPYEIIESFNVVAKEVFVVLF,37,2.7,ADPYEII
TEEQLKEKFPEADPYEIIESFNVVAKEVFVVLF,37,2.7,IESFNVV
ELDPALDNVLERTSLNWVYL,18,2.69,SLNWVYL
MMFQDSVAFEDVAVSFTQEEWALLDFPEESLP,10,2.69,SVAFEDV
MMFQDSVAFEDVAVSFTQEEWALLDFPEESLP,10,2.69,QEEWALL
APDFVGDILWEHLEILQKEDVKPYQVNGVNPAYPES,20,2.66,DILWEHL
SDNLPVAIKHVEKDRISDWGELLMAPVCRWKWSC,51,2.65,ISDWGEL
GPGEDRETLGLKTSSSLPEAWGLLDDDDGMYGEREA,31,2.65,PEAWGLL
LLSLYDNKLQTISKGLFAPLQSI,10,2.64,KGLFAPL
MAEGDAGSDQRQNEEIEAMAAIYGEEWCVIDDCAKI,20,2.63,GEEWCVI
LLASKAHYFGVGGGVHSFRSL,25,2.62,KAHYFGV
LLASKAHYFGVGGGVHSFRSL,25,2.62,VHSFRSL
QTLDWEIVELTNKLLDARTPSTSWRSLASGTRGIA,10,2.61,STSWRSL
ESEDEESYDTESEFTEFTEDNWPYDDWCLVASV,40,2.61,ESEFTEF
ESEDEESYDTESEFTEFTEDNWPYDDWCLVASV,40,2.61,NWPYDDW
ESEDEESYDTESEFTEFTEDNWPYDDWCLVASV,40,2.61,YDDWCLV
QTLDWEIVELTNKLLDARTPSTSWRSLASGTRGIA,10,2.61,TLDWEIV
MNPDDTFEVLVDQTVVNKGSLLEDVVPPIKPPKEIE,355,2.6,DDTFEVL
VVEKEELNMIDNFFSEPTTKSWEIITVEEAKRRKST,73,2.58,TKSWEII
ISQGTLTNETRCLTCETISSKDEDFLDLSVDVEQNT,22,2.57,DEDFLDL
VADCLTDCYQDSVTFDDMAVDFTQEEWTLLDSTQRS,99,2.57,QEEWTLL
SPEDEYELLIPHRISSHFLQQPRPLMAPSETQFSHL,121,2.56,EDEYELL
SPEDEYELLIPHRISSHFLQQPRPLMAPSETQFSHL,121,2.56,ETQFSHL
IWYWSDEFGSWQEYGRQGTVHPVTTVSSSDVEKAYL,169,2.56,FGSWQEY
IWYWSDEFGSWQEYGRQGTVHPVTTVSSSDVEKAYL,169,2.56,SDEFGSW
TQWQPRNCDPMVDFLDSWVHIIPV,12,2.56,LDSWVHI
NINIGPGDCEWFVVPEDYWVF,80,2.55,PEDYWVF
NINIGPGDCEWFVVPEDYWVF,80,2.55,DCEWFVV
LLDTALQTPVSKQDDVVQLELPVTEAQQSYQHV,11,2.53,QQSYQHV
REVKSYLIETLHSLIDNLYPEENWTVLL,69,2.51,EENWTVL
ALEDSEQKHNLLHSIFMDLEDLSIIFETDD,20,2.51,HSIFMDL
QFSAGGCTFDDGPGACDYHQDLYDDFEWVHVSAQEP,122,2.49,QDLYDDF
QFSAGGCTFDDGPGACDYHQDLYDDFEWVHVSAQEP,122,2.49,DFEWVHV
QFSAGGCTFDDGPGACDYHQDLYDDFEWVHVSAQEP,122,2.49,YDDFEWV
FFQNVIKETRAEPKKVTSGSSTLFWAI,14,2.48,STLFWAI
KDPNVIPNLKLLSDSSGQWIILGTE,53,2.48,SGQWIIL
LEAERSLMSSPEDLTKDFEELKAEEVDVTKDIKPQL,78,2.48,TKDFEEL
VDEIYHDESWGFILILPSSA,65,2.47,DESWGFI
VDEIYHDESWGFILILPSSA,65,2.47,SWGFILI
PNDSVLENKSLQENEEEEIGNLELAWDMLDLAEIMF,49,2.47,ELAWDML
MDFSQEEWELLVPAQKNLYREVMLENYRNVVSLEAL,36,2.45,LENYRNV
MDFSQEEWELLVPAQKNLYREVMLENYRNVVSLEAL,36,2.45,QEEWELL
MDFSQEEWELLVPAQKNLYREVMLENYRNVVSLEAL,36,2.45,KNLYREV
LTDSALRAFESYRARQDSVSLRPSIRFQGSQGHISI,12,2.43,LRAFESY
VPPAKPEVTTTGAEFIDSTEQLEEFDLEEDFEILSV,160,2.41,EEDFEIL
KEELVMSSLKRLNSYLSLPKFRSFRTY,13,2.4,LNSYLSL
SVATEESADPLSEDDFETFYEIWEKFDPDATQFIE,13,2.4,EDDFETF
SVATEESADPLSEDDFETFYEIWEKFDPDATQFIE,13,2.4,FETFYEI
SVATEESADPLSEDDFETFYEIWEKFDPDATQFIE,13,2.4,ETFYEIW
SVATEESADPLSEDDFETFYEIWEKFDPDATQFIE,13,2.4,YEIWEKF
KEELVMSSLKRLNSYLSLPKFRSFRTY,13,2.4,LPKFRSF
KEELVMSSLKRLNSYLSLPKFRSFRTY,13,2.4,FRSFRTY
VSSPKPQIIYGARGTRYQHL,10,2.39,GTRYQHL
MHKLNNAFQALREVIPHVRADKKLSKIETLTPA,27,2.31,NNAFQAL
KLEVPTGPEVQTPKPSDADWDDLWDQFDERRYLNAI,68,2.31,DADWDDL
KLEVPTGPEVQTPKPSDADWDDLWDQFDERRYLNAI,68,2.31,DDLWDQF
MNEMTASLPATTDLPEFFVFL,12,2.3,PEFFVFL
MNEMTASLPATTDLPEFFVFL,12,2.3,LPEFFVF
TQWIAEYEILHVPKEPKMELYEKKAQLSKYKSLQQ,191,2.3,LSKYKSL
TQWIAEYEILHVPKEPKMELYEKKAQLSKYKSLQQ,191,2.3,IAEYEIL
INKFVQFIHKYITYNAPAASPSCRSTPTRSI,10,2.3,IHKYITY
INKFVQFIHKYITYNAPAASPSCRSTPTRSI,10,2.3,INKFVQF
KLIGVHCTHGLNRTGYLFAVI,21,2.27,GYLFAVI
NMSDDDGWEFVNLGDQHSFGIKTAGLEEKSTACQML,720,2.26,GWEFVNL
NMSDDDGWEFVNLGDQHSFGIKTAGLEEKSTACQML,720,2.26,DDGWEFV
MATRNPPPQDYESDDDSYEVLDLTEYARRHQWWNRV,246,2.26,HQWWNRV
MATRNPPPQDYESDDDSYEVLDLTEYARRHQWWNRV,246,2.26,DDSYEVL
PALFKSYAEYGHFVHSYCSFGSSC,10,2.24,VHSYCSF
PALFKSYAEYGHFVHSYCSFGSSC,10,2.24,YAEYGHF
PALFKSYAEYGHFVHSYCSFGSSC,10,2.24,FKSYAEY
PALFKSYAEYGHFVHSYCSFGSSC,10,2.24,PALFKSY
SPEDEYELLMPHRISSHFLQQPRPLMAPSETQFSHL,126,2.24,ETQFSHL
SPEDEYELLMPHRISSHFLQQPRPLMAPSETQFSHL,126,2.24,EDEYELL
RMPTFPSTEPIYLSLPGQSHISHIL,10,2.23,EPIYLSL
MAPASASGEDLRKLPTMAEVNGEQDFIDLTRETRPR,70,2.21,EQDFIDL
ADEGWHILQDKSDDFLLGNHGYDNALADMHPIFLAH,37,2.21,DEGWHIL
RDAAQALMTFFNKVLPMNQKTV,24,2.21,MTFFNKV
LVGIMPLSSAFMVILLSRHQRCSPHLHSTSFLLRTS,11,2.19,SSAFMVI
SVPIAQMGNYQEYPSTFSTA,17,2.19,MGNYQEY
KEQEVWKPGHNILVKMRKKINHWCGLFIQHLLATH,42,2.19,INHWCGL
KPVPQDTKFIHTKANRFEEVAWSKYNPRDHSTFTS,13,2.18,ANRFEEV
KPVPQDTKFIHTKANRFEEVAWSKYNPRDHSTFTS,13,2.18,EVAWSKY
IADIHPIQVQPGRILSYPSLVGIRI,32,2.15,ILSYPSL
EAELVSEETEGWEEVELELDEATRMNVVTSALEASG,24,2.15,TEGWEEV
MTLNEHAAFKHLFNKAHLARR,34,2.14,HAAFKHL
HGLSDLSQVFQPYTLRTRRNSTQL,39,2.14,SQVFQPY
YFTATPRSFLAWGAQTFTSGNITGRSM,11,2.14,PRSFLAW
SWIPSSVAEALGIVPLQYVFV,10,2.13,PLQYVFV
LRSPSSDLDTDAEGDDFELLDQSELSQLDPASSLA,69,2.12,GDDFELL
PEDFWEIIGELGDGAFGKVYKAQNKETSVLAAAKVI,97,2.11,PEDFWEI
MSRLSKVAPVIKAYDGVWYHNGQLPTVG,15,2.11,IKAYDGV
PEDFWEIIGELGDGAFGKVYKAQNKETSVLAAAKVI,97,2.11,DGAFGKV
PEDFWEIIGELGDGAFGKVYKAQNKETSVLAAAKVI,97,2.11,EDFWEII
ELESNLAVVNGANISVIQHESPAMYRLL,11,2.09,PAMYRLL
PQNLAGYIWYKGQMKASTITFHHT,10,2.09,LAGYIWY
ISWLHNGKTLDGNWNILRFIRGL,17,2.09,DGNWNIL
SLPHELLSMTMLSIFISILNIYVMGVALQYVGKHS,17,2.07,LSIFISI
HMCLLCPKCITFLLVMADFGCVCVPHAVNNEMKAIT,21,2.06,MADFGCV
LSSSSRAGHQEKEQYSRLSGGGHYNSQKTLSTSSI,11,2.06,KEQYSRL
SQSLTPQQQPQYNLPERDKQLLFSEYNFEDLSASFR,228,2.06,EYNFEDL
HMCLLCPKCITFLLVMADFGCVCVPHAVNNEMKAIT,21,2.06,CITFLLV
MWNIFSKAGYGSLRVISSSGFSSWM,18,2.06,KAGYGSL
MWNIFSKAGYGSLRVISSSGFSSWM,18,2.06,SSGFSSW
LAQRALDEATKYALVRKTSVSCL,18,2.06,ATKYALV
SQSLTPQQQPQYNLPERDKQLLFSEYNFEDLSASFR,228,2.06,QLLFSEY
AQNSTPILYTILREQDAEGQDYCTRTALL,12,2.05,PILYTIL
RSDIRNIFMGLDKIKKTACGFCL,36,2.05,RNIFMGL
MTILESATHSRSHITAHRKFLLI,14,2.05,HRKFLLI
LQRIKYEEGKNKIGSESFAYQWLL,10,2.04,SFAYQWL
MPLFATNPFDQDVEKATSEMNTAEDWASFWIL,14,2.03,AEDWASF
MPLFATNPFDQDVEKATSEMNTAEDWASFWIL,14,2.03,WASFWIL
PPTGGRYLSIGDGSGWSLSS,16,2.02,GGRYLSI
PEGDENYMEFLEVLTEGLERVLLVRGGAVK,20,2.01,DENYMEF
PEGDENYMEFLEVLTEGLERVLLVRGGAVK,20,2.01,YMEFLEV
QVKLHDFFSYLMDHFIPRATTTVTS,19,2.01,LHDFFSY
QVKLHDFFSYLMDHFIPRATTTVTS,19,2.01,HDFFSYL
AMAYAVTWPSVARCCTVSSFPIRLAFL,11,2.01,AVTWPSV
LDKLLGAITTAAERNNRERFSPIVEV,27,2.01,RERFSPI
LQTDYTSQVSFPLVPSASLESVERVLL,15,2.0,QVSFPLV
PSSQFLAVGSYDGKVRILNT,11,2.0,SSQFLAV
SGSDGNFSEDVLSKFDEWTFIPDSSMDSVFAQSDDL,237,1.99,LSKFDEW
SGSDGNFSEDVLSKFDEWTFIPDSSMDSVFAQSDDL,237,1.99,FDEWTFI
YIASPLGFTHKENLNQDPVLEVTKEYAQISS,13,1.99,TKEYAQI
IADIHPIQVQPGRILSHIYANLVGIRI,12,1.99,SHIYANL
YLKYINLKASEKLDYITYLSI,10,1.98,YLKYINL
YLKYINLKASEKLDYITYLSI,10,1.98,KLDYITY
YLKYINLKASEKLDYITYLSI,10,1.98,YITYLSI
AQPVEATGVPVGLSGTKMYFLII,15,1.96,TKMYFLI
YKHSLHHYTYLPDAMDLELLRT,15,1.96,LHHYTYL
AQPVEATGVPVGLSGTKMYFLII,15,1.96,KMYFLII
TFKAAVSNFTTFKAAGIFRTLKFQQYSV,20,1.96,VSNFTTF
TFKAAVSNFTTFKAAGIFRTLKFQQYSV,20,1.96,AGIFRTL
TFKAAVSNFTTFKAAGIFRTLKFQQYSV,20,1.96,TLKFQQY
LQTMNLTQKRLDVYLQEFELLYFS,15,1.95,LQEFELL
RINNAFLDRLQGKSQPGGWSNLVAVGI,24,1.95,PGGWSNL
DYFVNGGQDQPGARPSFTQVIVI,16,1.94,RPSFTQV
IHTGEKPYQCKECGKAFIRGSQLTQHQPFTLVKNR,11,1.94,HQPFTLV
SVMNQWPGVTAGDRGLGRGRPPLRGVPAL,21,1.94,MNQWPGV
HTLLFKAVHSSLASSSRIWAWSLPR,12,1.94,TLLFKAV
QATPGVDSISGDLQPDTDEPFEMISSSVNVLGQQTL,10,1.93,DEPFEMI
LSSSTFLGPGLGGKSGERGAYASFGRDQAWAA,38,1.92,RGAYASF
LMQPLAFHSLVMQRGIFTSPTNS,18,1.91,PLAFHSL
MKFIWGVFGNRVINAKCAHVLPINTAII,11,1.91,KFIWGVF
MMEELHSWTHVGRNYWRPVFLV,37,1.9,LHSWTHV
PEQLQEHAIEDKETINNLDTSSSDFTILQEIEEPSL,310,1.9,SSDFTIL
PAQKIEVFRGVLEQLRWFAGKQVKSVASLVGTSSL,27,1.9,IEVFRGV
MSERTQEQDFVIITVDDSDDNNDCSIEMVEVSETAD,64,1.9,EQDFVII
WKNHMGPFMSILQEHIGVMKKKSSPPISLS,25,1.9,MGPFMSI
MMEELHSWTHVGRNYWRPVFLV,37,1.9,RNYWRPV
VYSANTWRALMARVHTVHSRVLLSPSFTC,37,1.89,ANTWRAL
AFERTHYPDIYTREELAQLPS,13,1.89,RTHYPDI
MYIPQTFTKLQRLPWFKSKSCFHLLC,10,1.89,KSCFHLL
MYIPQTFTKLQRLPWFKSKSCFHLLC,10,1.89,PQTFTKL
IPTVHTSPQLINTTAKVPVPLLYQQYH,28,1.88,PLLYQQY
IVLAKINSVNQSDVKYKETFNKAKGKYTFSRYTTY,29,1.88,FSRYTTY
IVLAKINSVNQSDVKYKETFNKAKGKYTFSRYTTY,29,1.88,KYTFSRY
LQHLWTPTSWMPIVSLSKSSTSTASTSPA,17,1.87,PTSWMPI
IKENHKNIPLALNYTQWEEIPCLKPAVSCGH,11,1.87,YTQWEEI
IKENHKNIPLALNYTQWEEIPCLKPAVSCGH,11,1.87,ALNYTQW
QKGFRLVGLKFMQASEDLLKEHYVT,10,1.86,QKGFRLV
LASYLHGHEPSNLVFVNFLKRGLFHN,26,1.86,NLVFVNF
FLAKIFKPLFLQRLQGKESHLDTLNRAQLTQLFLA,10,1.86,AKIFKPL
AWGTWGPGAEPEDWGILGREEARTTPGREEARAILD,103,1.86,PEDWGIL
SLHLLSPGSHSLFTRAILQSGSFNALGR,28,1.85,SGSFNAL
WTKGPEKSVEVPKESSSLFNMI,22,1.85,SSLFNMI
DYTSVMHYSKLHSKMVQSRRLSHVSQTLRM,27,1.85,VMHYSKL
NKLQNLAHRVITANRLGYWRMF,29,1.85,LGYWRMF
IWQFSSLFSKIKSWEFNEVTSMSST,31,1.85,IWQFSSL
IWQFSSLFSKIKSWEFNEVTSMSST,31,1.85,SSLFSKI
IWQFSSLFSKIKSWEFNEVTSMSST,31,1.85,SWEFNEV
TDGLWDVLSNEEVAEAITQFLPNCDPDDPHRYTLAA,25,1.85,DGLWDVL
ICARTFFKITAPLINKRKEYSERRILGYSMQEV,14,1.84,ARTFFKI
TMNEDSNEEEEESENDWEEVEELELSEPVLGDVRESTA,52,1.84,ENDWEEV
PVLEGQRLVALKKFWQCWPSISLAGR,11,1.84,WQCWPSI
PVLEGQRLVALKKFWQCWPSISLAGR,11,1.84,KKFWQCW
MVEDYLANSYQDSVTFDDVAVEFTPEEWALLDTTEK,142,1.83,SVTFDDV
DQDVDTRDFFDNGEWEIVSATGSKGNRTDSCCWYPY,213,1.83,SCCWYPY
AASFHSAVFSLLKANNPWPASTSCCVPTARRPLSL,19,1.83,SAVFSLL
TAVALAYGIYKQDLPPLDEKPRNVVFIV,20,1.83,ALAYGIY
MVEDYLANSYQDSVTFDDVAVEFTPEEWALLDTTEK,142,1.83,PEEWALL
DQDVDTRDFFDNGEWEIVSATGSKGNRTDSCCWYPY,213,1.83,NGEWEIV
LSAGGPLANPEVDTREWVVLGKGLSRSALFRSRVR,57,1.82,TREWVVL
SGAIVDLISRQYDKFLTHFI,25,1.81,SRQYDKF
VNLPRFWESHACLACDHVKRHQEYKLLVI,30,1.81,HQEYKLL
LNRYAVEGRDLTLQYNIYNVGSSAALDVGTV,49,1.81,TLQYNIY
LLIRGWNACPEVVRNFLKLS,11,1.81,VRNFLKL
ALSWNHFILSSGSRLGRVYHHDVG,14,1.8,ALSWNHF
LMPILVEKFPFVRKSERTGMLRS,35,1.79,VEKFPFV
HLESLTLTGTKISSIPNNLCQEQKMLRTLDLSYNNV,10,1.79,DLSYNNV
EYEEENEEEDAEKWNEMDFEIIETNDTMRHSIIETS,40,1.79,EMDFEII
KASPPFPLISNAQALAQEVQTF,13,1.79,SPPFPLI
INGTEWTRQLVMKKMVPTCMLQRFHKFLV,12,1.79,LQRFHKF
MTEYKLVVVGAGGVGKSALRFS,18,1.79,MTEYKLV
PNAGKSSLLRAISNARPAVASYPFTTLKPHVGIVH,18,1.78,SYPFTTL
GMRALSLAKNNSLMPMSKAPFKSY,11,1.77,KAPFKSY
IQGSLQDIFKFARTSPSHVKSVPLWYLRF,32,1.77,PLWYLRF
LTGLLTLGVNGHGQQNFHLY,21,1.77,QQNFHLY
QAKAIFEKVKRFRMHVEQKDTFIVYI,10,1.77,KDTFIVY
QAKAIFEKVKRFRMHVEQKDTFIVYI,10,1.77,KAIFEKV
MDLAKHLPHAFSKLETHGAFLSY,40,1.77,HGAFLSY
MDLAKHLPHAFSKLETHGAFLSY,40,1.77,PHAFSKL
PLEQVADDGLYEFLDFVDATDRYRSLWV,41,1.77,LYEFLDF
PLEQVADDGLYEFLDFVDATDRYRSLWV,41,1.77,DGLYEFL
PLEQVADDGLYEFLDFVDATDRYRSLWV,41,1.77,TDRYRSL
AVQYFWDRGHRDIMSFASVALQ,10,1.76,IMSFASV
IPSESKGFRAALSSNPSFWQIHSLVSQLKPH,12,1.76,NPSFWQI
MSNPFAHLAEPLDPVQPGKKFLI,22,1.76,SNPFAHL
KALGPLLAGTGVRPPNMSLDYDFLRNGASRNAA,11,1.76,SLDYDFL
ILKSDAAKPLLGHDAVIQALAQKVFMSLTRKNW,17,1.75,QKVFMSL
LTRYLNWIGVPTREFNVGQYRRDVVKTYKSFEFL,23,1.74,VKTYKSF
LTRYLNWIGVPTREFNVGQYRRDVVKTYKSFEFL,23,1.74,YKSFEFL
LTRYLNWIGVPTREFNVGQYRRDVVKTYKSFEFL,23,1.74,YLNWIGV
LTRYLNWIGVPTREFNVGQYRRDVVKTYKSFEFL,23,1.74,LTRYLNW
FYNHKTSVFTPAYGSVTNVRINSTMTTPQV,18,1.73,TPAYGSV
LSGPVTRLALSTSSRPLSALGLRFLSFK,16,1.73,GLRFLSF
SPVVERLGFDENFVDLTEMVEKRLQQLQSDELSAVT,182,1.72,DENFVDL
EQLFYRIAHLNPVSSICCGWPPSPLPAGATAARR,14,1.72,EQLFYRI
SEDGPGDGFTILSSKSLVLGQKLSLTDISHIGST,45,1.72,GDGFTIL
EVRFTNVPERTQIDVGRILYSV,18,1.71,EVRFTNV
GFWTGLGTGGILGYLFGSNRAATPFSDSWYYPSYPP,23,1.71,SWYYPSY
GKALSVPPTLFVTNVFTLVNVHMSAVNVGRPTA,10,1.71,TNVFTLV
MSALKVNKNNAKLWNNVGHALEMKRTLSVL,28,1.71,AKLWNNV
HAHSQSAEAERPANTSPWQYLAL,27,1.71,PWQYLAL
HAHSQSAEAERPANTSPWQYLAL,27,1.71,TSPWQYL
MARVPLTFSDVAIASLRRSGNI,19,1.71,PLTFSDV
ASQGSDDDWDDEWDDSSTVADEPGALGSGAYPDLDG,28,1.7,SGAYPDL
MSQAVQQRYSTIKQNMGTQFI,48,1.7,QQRYSTI
HLAAGYNNLEVAEYLLEHGADVNAQTRVV,29,1.7,AAGYNNL
MPNTSVVLDTDAEFVILLLFLLLLFFFFRASFA,407,1.7,LLLFLLL
MPNTSVVLDTDAEFVILLLFLLLLFFFFRASFA,407,1.7,LLLFFFF
MPNTSVVLDTDAEFVILLLFLLLLFFFFRASFA,407,1.7,DAEFVIL
RVVNGAFMVLKGHRSIVNQARFNPHTYMICSLV,11,1.7,NGAFMVL
